site,nickname,section,lat,long,dis.road.m,soil_type,y_obs,d_obs,est_d_death,cause_death,sex,age_class,date_visit,age_days,type,full_partial,direction,distance,weight,nickname_distance_direction,mean_realArea,mean_realPerimeter,mean_dgciOriginal,mean_dgciCorrected,n_realArea,n_realPerimeter,n_dgciOriginal,n_dgciCorrected,n_leaves_total,n_area_used,total_area_cm2_est,SLA_cm2_g,SLA_valid,SLA_m2_kg,unique_id,dist2road,dist2river,dist2aw,average_precip_16_25,precip_12mo_before_death,precip_12mo_after_death,precip_12mo_before_survey,average_temp_16_24,temp_12mo_before_death,temp_12mo_after_death,temp_12mo_before_survey,temp_max_12mo_before_death,temp_max_12mo_before_survey,season_death,season_survey,ele_density_2017_buf,mass_bones,average_score_bones,frag_count,nonfrag_count,pellets_dung,elephant_dung,pat_dung,zebra_dung,hyena_dung,jackal_dung,carnivore_dung,rhino_dung
B_2022_37,Nhlanganini,Letaba,-23.86795,31.54198,139,Basalt,2022,4-May-22,28-Apr-22,Natural,male,adult,29-Jul-25,1188,carcass,partial,N,25,3.15,Nhlanganini_25_N,36.79474386,37.7475262,0.312666559,-0.116706371,1,1,1,1,1,1,36.79474386,11.68087107,FALSE,NA,B_2022_37_2025,139.2737201,4837.447266,8105.197266,416.4311916,411.3091843,464.5164974,376.0561886,23.71111111,23.40909091,23.73181818,25.65,34.8,37.1,dry,dry,1.00585924,68.81,3.777777778,24,14,0.02,NA,NA,NA,NA,NA,NA,NA
B_2022_31,Bububu,Shangoni,-23.075886,30.91599,1200,Granite,2022,5-Apr-23,10-Apr-22,Poached,male,adult,18-Aug-25,1226,carcass,partial,S,25,9.48,Bububu_25_S,21.99709065,18.820665,0.326195789,0.180710177,10,10,10,10,10,10,219.9709065,23.20368212,TRUE,2.320368212,B_2022_31_2025,1199.898649,2460.64209,6797.304199,415.9791191,361.1855645,384.218508,540.3760989,22.95505051,22.53181818,23.08636364,26.125,32.8,36.1,dry,dry,0.073211274,38.1,2.25,0,8,NA,0.6,NA,NA,NA,NA,NA,NA
B_2022_31,Bububu,Shangoni,-23.075886,30.91599,1200,Granite,2022,5-Apr-23,10-Apr-22,Poached,male,adult,18-Aug-25,1226,carcass,partial,E,10,10.71,Bububu_10_E,42.82152866,35.68563071,0.3803397,0.190142349,9,9,7,7,9,9,385.3937579,35.98447787,TRUE,3.598447787,B_2022_31_2025,1199.898649,2460.64209,6797.304199,415.9791191,361.1855645,384.218508,540.3760989,22.95505051,22.53181818,23.08636364,26.125,32.8,36.1,dry,dry,0.073211274,38.1,2.25,0,8,NA,0.6,NA,NA,NA,NA,NA,NA
B_2022_31,Bububu,Shangoni,-23.075886,30.91599,1200,Granite,2022,5-Apr-23,10-Apr-22,Poached,male,adult,18-Aug-25,1226,carcass,partial,W,3,6.87,Bububu_3_W,25.56162433,28.47874562,0.36606637,0.137814388,10,10,10,10,10,10,255.6162433,37.20760456,TRUE,3.720760456,B_2022_31_2025,1199.898649,2460.64209,6797.304199,415.9791191,361.1855645,384.218508,540.3760989,22.95505051,22.53181818,23.08636364,26.125,32.8,36.1,dry,dry,0.073211274,38.1,2.25,0,8,NA,0.6,NA,NA,NA,NA,NA,NA
B_2024_90,Ntokozo,Letaba,-23.92952,31.49867,34,Granite,2024,5/6/2025,5/6/2024,Management,Female,adult,19-Jun-25,409,carcass,partial,W,5,9.59,Ntokozo_5_W,36.76022423,33.94573327,0.39729654,0.287193387,10,10,10,10,10,10,367.6022423,38.33182923,TRUE,3.833182923,B_2024_90_2025,34.0677111,9402.871094,2948.120605,450.029723,332.0134277,399.6323657,399.2558179,23.05505051,23.24545455,24.14166667,24.14166667,33.4,35.9,dry,dry,0.728929639,0.32,5,14,0,NA,4.34,NA,NA,NA,NA,NA,NA
B_2024_121,Masorini,Phalaborwa,-23.86585,31.285,379,Granite,2024,2/18/2024,2/18/2024,Management,female,adult,30-Jul-25,528,carcass,partial,E,22.5,9.19,Masorini_22.5_E,37.20267326,32.5649279,0.301795782,0.102908384,10,10,10,10,10,10,372.0267326,40.48169016,TRUE,4.048169016,B_2024_121_2025,378.9350086,15239.87012,3607.491455,414.1493912,218.2512126,423.6923668,378.8521454,23.12323232,23.37727273,23.18888889,24.94,33.5,35.9,late_wet,dry,0.541126807,0.92,5,0,0,0.06,0.42,NA,NA,NA,NA,NA,NA
B_2023_66,Machalolo,Letaba,-23.81536,31.49551,1200,Basalt,2023,16-Jul-23,16-Jul-23,Management,female,adult,6-Aug-25,752,carcass,partial,W,21.5,7.45,Machalolo_21.5_W,32.99212886,28.3069178,0.415245333,0.129561927,10,10,10,10,10,10,329.9212886,44.28473672,TRUE,4.428473672,B_2023_66_2025,1200.249433,4883.600586,7517.097656,426.8250235,473.4461799,275.8268936,383.5587597,23.37676768,23.72727273,23.7,26.475,33.6,36.7,dry,dry,1.177746579,0.34,5,70,0,0.06,0.08,NA,0.08,NA,NA,NA,NA
B_2024_121,Masorini,Phalaborwa,-23.86585,31.285,379,Granite,2024,2/18/2024,2/18/2024,Management,female,adult,30-Jul-25,528,carcass,partial,W,23,5.82,Masorini_23_W,27.73785178,32.91202027,0.471815077,0.170386485,10,10,10,10,10,10,277.3785178,47.65953913,TRUE,4.765953913,B_2024_121_2025,378.9350086,15239.87012,3607.491455,414.1493912,218.2512126,423.6923668,378.8521454,23.12323232,23.37727273,23.18888889,24.94,33.5,35.9,late_wet,dry,0.541126807,0.92,5,0,0,0.06,0.42,NA,NA,NA,NA,NA,NA
B_2022_31,Bububu,Shangoni,-23.075886,30.91599,1200,Granite,2022,5-Apr-23,10-Apr-22,Poached,male,adult,18-Aug-25,1226,carcass,partial,W,10,5.09,Bububu_10_W,25.25338787,28.70502123,0.355164042,-0.030536475,10,10,10,10,10,10,252.5338787,49.61372861,TRUE,4.961372861,B_2022_31_2025,1199.898649,2460.64209,6797.304199,415.9791191,361.1855645,384.218508,540.3760989,22.95505051,22.53181818,23.08636364,26.125,32.8,36.1,dry,dry,0.073211274,38.1,2.25,0,8,NA,0.6,NA,NA,NA,NA,NA,NA
B_2024_121,Masorini,Phalaborwa,-23.86585,31.285,379,Granite,2024,2/18/2024,2/18/2024,Management,female,adult,30-Jul-25,528,carcass,partial,E,15,5.28,Masorini_15_E,27.12201518,31.89731943,0.41697427,0.153463014,10,10,10,10,10,10,271.2201518,51.36745299,TRUE,5.136745299,B_2024_121_2025,378.9350086,15239.87012,3607.491455,414.1493912,218.2512126,423.6923668,378.8521454,23.12323232,23.37727273,23.18888889,24.94,33.5,35.9,late_wet,dry,0.541126807,0.92,5,0,0,0.06,0.42,NA,NA,NA,NA,NA,NA
B_2024_121,Masorini,Phalaborwa,-23.86585,31.285,379,Granite,2024,2/18/2024,2/18/2024,Management,female,adult,30-Jul-25,528,carcass,partial,E,2.5,7.25,Masorini_2.5_E,38.13555463,38.62250748,0.501186485,0.211366915,10,10,10,10,10,10,381.3555463,52.600765,TRUE,5.2600765,B_2024_121_2025,378.9350086,15239.87012,3607.491455,414.1493912,218.2512126,423.6923668,378.8521454,23.12323232,23.37727273,23.18888889,24.94,33.5,35.9,late_wet,dry,0.541126807,0.92,5,0,0,0.06,0.42,NA,NA,NA,NA,NA,NA
B_2024_121,Masorini,Phalaborwa,-23.86585,31.285,379,Granite,2024,2/18/2024,2/18/2024,Management,female,adult,30-Jul-25,528,carcass,partial,W,15,6.84,Masorini_15_W,40.21844362,37.46797109,0.284762069,-0.002491601,9,9,9,9,9,9,361.9659926,52.91900476,TRUE,5.291900476,B_2024_121_2025,378.9350086,15239.87012,3607.491455,414.1493912,218.2512126,423.6923668,378.8521454,23.12323232,23.37727273,23.18888889,24.94,33.5,35.9,late_wet,dry,0.541126807,0.92,5,0,0,0.06,0.42,NA,NA,NA,NA,NA,NA
B_2024_121,Masorini,Phalaborwa,-23.86585,31.285,379,Granite,2024,2/18/2024,2/18/2024,Management,female,adult,30-Jul-25,528,carcass,partial,N,5,8.3,Masorini_5_N,55.67352616,43.3304016,0.352025284,0.018119308,8,8,8,8,8,8,445.3882093,53.66123003,TRUE,5.366123003,B_2024_121_2025,378.9350086,15239.87012,3607.491455,414.1493912,218.2512126,423.6923668,378.8521454,23.12323232,23.37727273,23.18888889,24.94,33.5,35.9,late_wet,dry,0.541126807,0.92,5,0,0,0.06,0.42,NA,NA,NA,NA,NA,NA
B_2022_31,Bububu,Shangoni,-23.075886,30.91599,1200,Granite,2022,5-Apr-23,10-Apr-22,Poached,male,adult,18-Aug-25,1226,carcass,partial,E,15,6.01,Bububu_15_E,32.29160196,33.19504991,0.418863259,0.196380005,10,10,10,10,10,10,322.9160196,53.72978696,TRUE,5.372978696,B_2022_31_2025,1199.898649,2460.64209,6797.304199,415.9791191,361.1855645,384.218508,540.3760989,22.95505051,22.53181818,23.08636364,26.125,32.8,36.1,dry,dry,0.073211274,38.1,2.25,0,8,NA,0.6,NA,NA,NA,NA,NA,NA
B_2021_49,Ntshivana,Mooiplaas,-23.32766,31.5426,169,Granite,2021,10-Jul-21,7-Jul-21,Natural,female,adult,14-Aug-25,1499,carcass,partial,N,17.5,5.93,Ntshivana_17.5_N,32.28864132,32.34977918,0.423046344,-0.049005217,10,10,10,10,10,10,322.8864132,54.44964809,TRUE,5.444964809,B_2021_49_2025,168.9993396,8214.838867,2959.027832,416.8094176,536.7172086,445.9968957,431.1295652,23.77171717,23.22272727,23.34545455,26.95,34.2,37.3,dry,dry,1.059971921,0.62,4.833333333,17,1,0.06,1.9,NA,0.18,NA,NA,NA,NA
B_2024_121,Masorini,Phalaborwa,-23.86585,31.285,379,Granite,2024,2/18/2024,2/18/2024,Management,female,adult,30-Jul-25,528,carcass,partial,S,15,4.1,Masorini_15_S,22.33456992,29.24466394,0.430312756,-3.506995393,10,10,10,10,10,10,223.3456992,54.47456077,TRUE,5.447456077,B_2024_121_2025,378.9350086,15239.87012,3607.491455,414.1493912,218.2512126,423.6923668,378.8521454,23.12323232,23.37727273,23.18888889,24.94,33.5,35.9,late_wet,dry,0.541126807,0.92,5,0,0,0.06,0.42,NA,NA,NA,NA,NA,NA
B_2023_66,Machalolo,Letaba,-23.81536,31.49551,1200,Basalt,2023,16-Jul-23,16-Jul-23,Management,female,adult,6-Aug-25,752,carcass,partial,W,10,6.9,Machalolo_10_W,37.62220323,39.07287346,0.315319703,0.063593346,10,10,10,10,10,10,376.2220323,54.52493222,TRUE,5.452493222,B_2023_66_2025,1200.249433,4883.600586,7517.097656,426.8250235,473.4461799,275.8268936,383.5587597,23.37676768,23.72727273,23.7,26.475,33.6,36.7,dry,dry,1.177746579,0.34,5,70,0,0.06,0.08,NA,0.08,NA,NA,NA,NA
B_2022_31,Bububu,Shangoni,-23.075886,30.91599,1200,Granite,2022,5-Apr-23,10-Apr-22,Poached,male,adult,18-Aug-25,1226,carcass,partial,E,23.7,7.49,Bububu_23.7_E,40.95315849,37.58683542,0.314818176,-0.026489423,10,10,10,10,10,10,409.5315849,54.67711414,TRUE,5.467711414,B_2022_31_2025,1199.898649,2460.64209,6797.304199,415.9791191,361.1855645,384.218508,540.3760989,22.95505051,22.53181818,23.08636364,26.125,32.8,36.1,dry,dry,0.073211274,38.1,2.25,0,8,NA,0.6,NA,NA,NA,NA,NA,NA
B_2024_121,Masorini,Phalaborwa,-23.86585,31.285,379,Granite,2024,2/18/2024,2/18/2024,Management,female,adult,30-Jul-25,528,carcass,partial,W,10,5.68,Masorini_10_W,31.08455851,33.40696641,0.476911588,0.234463882,10,10,10,10,10,10,310.8455851,54.72633541,TRUE,5.472633541,B_2024_121_2025,378.9350086,15239.87012,3607.491455,414.1493912,218.2512126,423.6923668,378.8521454,23.12323232,23.37727273,23.18888889,24.94,33.5,35.9,late_wet,dry,0.541126807,0.92,5,0,0,0.06,0.42,NA,NA,NA,NA,NA,NA
B_2022_31,Bububu,Shangoni,-23.075886,30.91599,1200,Granite,2022,5-Apr-23,10-Apr-22,Poached,male,adult,18-Aug-25,1226,carcass,partial,S,15,7.19,Bububu_15_S,39.48245169,34.82044739,0.414332575,0.032779185,10,10,9,9,10,10,394.8245169,54.91300652,TRUE,5.491300652,B_2022_31_2025,1199.898649,2460.64209,6797.304199,415.9791191,361.1855645,384.218508,540.3760989,22.95505051,22.53181818,23.08636364,26.125,32.8,36.1,dry,dry,0.073211274,38.1,2.25,0,8,NA,0.6,NA,NA,NA,NA,NA,NA
B_2022_31,Bububu,Shangoni,-23.075886,30.91599,1200,Granite,2022,5-Apr-23,10-Apr-22,Poached,male,adult,18-Aug-25,1226,carcass,partial,S,2.5,7.06,Bububu_2.5_S,38.87823141,35.77371262,0.40060008,0.098458638,10,10,10,10,10,10,388.7823141,55.06831644,TRUE,5.506831644,B_2022_31_2025,1199.898649,2460.64209,6797.304199,415.9791191,361.1855645,384.218508,540.3760989,22.95505051,22.53181818,23.08636364,26.125,32.8,36.1,dry,dry,0.073211274,38.1,2.25,0,8,NA,0.6,NA,NA,NA,NA,NA,NA
B_2022_31,Bububu,Shangoni,-23.075886,30.91599,1200,Granite,2022,5-Apr-23,10-Apr-22,Poached,male,adult,18-Aug-25,1226,carcass,partial,E,5,8.28,Bububu_5_E,46.08745647,30.37207012,0.436288205,0.16294973,10,10,10,10,10,10,460.8745647,55.66117931,TRUE,5.566117931,B_2022_31_2025,1199.898649,2460.64209,6797.304199,415.9791191,361.1855645,384.218508,540.3760989,22.95505051,22.53181818,23.08636364,26.125,32.8,36.1,dry,dry,0.073211274,38.1,2.25,0,8,NA,0.6,NA,NA,NA,NA,NA,NA
B_2021_49,Ntshivana,Mooiplaas,-23.32766,31.5426,169,Granite,2021,10-Jul-21,7-Jul-21,Natural,female,adult,14-Aug-25,1499,carcass,partial,W,10,6.6,Ntshivana_10_W,36.758833,29.82667155,0.280526977,0.039168308,10,10,10,10,10,10,367.58833,55.69520151,TRUE,5.569520151,B_2021_49_2025,168.9993396,8214.838867,2959.027832,416.8094176,536.7172086,445.9968957,431.1295652,23.77171717,23.22272727,23.34545455,26.95,34.2,37.3,dry,dry,1.059971921,0.62,4.833333333,17,1,0.06,1.9,NA,0.18,NA,NA,NA,NA
B_2021_49,Ntshivana,Mooiplaas,-23.32766,31.5426,169,Granite,2021,10-Jul-21,7-Jul-21,Natural,female,adult,14-Aug-25,1499,carcass,partial,W,6.6,7.81,Ntshivana_6.6_W,43.50119067,40.33581688,0.33099686,0.152002186,10,10,10,10,10,10,435.0119067,55.69934785,TRUE,5.569934785,B_2021_49_2025,168.9993396,8214.838867,2959.027832,416.8094176,536.7172086,445.9968957,431.1295652,23.77171717,23.22272727,23.34545455,26.95,34.2,37.3,dry,dry,1.059971921,0.62,4.833333333,17,1,0.06,1.9,NA,0.18,NA,NA,NA,NA
B_2024_90,Ntokozo,Letaba,-23.92952,31.49867,34,Granite,2024,5/6/2025,5/6/2024,Management,Female,adult,19-Jun-25,409,carcass,partial,E,2.5,9.47,Ntokozo_2.5_E,66.09380337,41.7193266,0.628375979,0.243247434,8,8,8,8,8,8,528.750427,55.83425839,TRUE,5.583425839,B_2024_90_2025,34.0677111,9402.871094,2948.120605,450.029723,332.0134277,399.6323657,399.2558179,23.05505051,23.24545455,24.14166667,24.14166667,33.4,35.9,dry,dry,0.728929639,0.32,5,14,0,NA,4.34,NA,NA,NA,NA,NA,NA
B_2022_31,Bububu,Shangoni,-23.075886,30.91599,1200,Granite,2022,5-Apr-23,10-Apr-22,Poached,male,adult,18-Aug-25,1226,carcass,partial,N,5,4.47,Bububu_5_N,25.24547341,29.01797533,0.510227761,0.16897241,10,10,10,10,10,10,252.4547341,56.47756915,TRUE,5.647756915,B_2022_31_2025,1199.898649,2460.64209,6797.304199,415.9791191,361.1855645,384.218508,540.3760989,22.95505051,22.53181818,23.08636364,26.125,32.8,36.1,dry,dry,0.073211274,38.1,2.25,0,8,NA,0.6,NA,NA,NA,NA,NA,NA
B_2024_90,Ntokozo,Letaba,-23.92952,31.49867,34,Granite,2024,5/6/2025,5/6/2024,Management,Female,adult,19-Jun-25,409,carcass,partial,S,2.5,8.63,Ntokozo_2.5_S,49.32785865,38.92302758,0.666082006,1.525280479,10,10,10,10,10,10,493.2785865,57.15858476,TRUE,5.715858476,B_2024_90_2025,34.0677111,9402.871094,2948.120605,450.029723,332.0134277,399.6323657,399.2558179,23.05505051,23.24545455,24.14166667,24.14166667,33.4,35.9,dry,dry,0.728929639,0.32,5,14,0,NA,4.34,NA,NA,NA,NA,NA,NA
B_2022_31,Bububu,Shangoni,-23.075886,30.91599,1200,Granite,2022,5-Apr-23,10-Apr-22,Poached,male,adult,18-Aug-25,1226,carcass,partial,N,3.1,5.29,Bububu_3.1_N,30.24686009,29.96333673,0.476464783,0.23730867,10,10,10,10,10,10,302.4686009,57.17742929,TRUE,5.717742929,B_2022_31_2025,1199.898649,2460.64209,6797.304199,415.9791191,361.1855645,384.218508,540.3760989,22.95505051,22.53181818,23.08636364,26.125,32.8,36.1,dry,dry,0.073211274,38.1,2.25,0,8,NA,0.6,NA,NA,NA,NA,NA,NA
B_2023_66,Machalolo,Letaba,-23.81536,31.49551,1200,Basalt,2023,16-Jul-23,16-Jul-23,Management,female,adult,6-Aug-25,752,carcass,partial,E,23.5,6.74,Machalolo_23.5_E,38.78574027,39.46424998,0.422195453,0.129227442,10,10,10,10,10,10,387.8574027,57.54560871,TRUE,5.754560871,B_2023_66_2025,1200.249433,4883.600586,7517.097656,426.8250235,473.4461799,275.8268936,383.5587597,23.37676768,23.72727273,23.7,26.475,33.6,36.7,dry,dry,1.177746579,0.34,5,70,0,0.06,0.08,NA,0.08,NA,NA,NA,NA
B_2022_31,Bububu,Shangoni,-23.075886,30.91599,1200,Granite,2022,5-Apr-23,10-Apr-22,Poached,male,adult,18-Aug-25,1226,carcass,partial,E,3.6,4.26,Bububu_3.6_E,24.54574129,26.04102804,0.399013556,0.142723537,10,10,10,10,10,10,245.4574129,57.61911101,TRUE,5.761911101,B_2022_31_2025,1199.898649,2460.64209,6797.304199,415.9791191,361.1855645,384.218508,540.3760989,22.95505051,22.53181818,23.08636364,26.125,32.8,36.1,dry,dry,0.073211274,38.1,2.25,0,8,NA,0.6,NA,NA,NA,NA,NA,NA
B_2024_121,Masorini,Phalaborwa,-23.86585,31.285,379,Granite,2024,2/18/2024,2/18/2024,Management,female,adult,30-Jul-25,528,carcass,partial,W,6.4,5.92,Masorini_6.4_W,34.14510538,33.09881059,0.386552252,0.08908017,10,10,10,10,10,10,341.4510538,57.67754287,TRUE,5.767754287,B_2024_121_2025,378.9350086,15239.87012,3607.491455,414.1493912,218.2512126,423.6923668,378.8521454,23.12323232,23.37727273,23.18888889,24.94,33.5,35.9,late_wet,dry,0.541126807,0.92,5,0,0,0.06,0.42,NA,NA,NA,NA,NA,NA
B_2022_31,Bububu,Shangoni,-23.075886,30.91599,1200,Granite,2022,5-Apr-23,10-Apr-22,Poached,male,adult,18-Aug-25,1226,carcass,partial,W,15,7.54,Bububu_15_W,43.58385776,36.91349636,0.44319958,0.173903041,10,10,10,10,10,10,435.8385776,57.80352488,TRUE,5.780352488,B_2022_31_2025,1199.898649,2460.64209,6797.304199,415.9791191,361.1855645,384.218508,540.3760989,22.95505051,22.53181818,23.08636364,26.125,32.8,36.1,dry,dry,0.073211274,38.1,2.25,0,8,NA,0.6,NA,NA,NA,NA,NA,NA
B_2024_121,Masorini,Phalaborwa,-23.86585,31.285,379,Granite,2024,2/18/2024,2/18/2024,Management,female,adult,30-Jul-25,528,carcass,partial,W,3.8,3.69,Masorini_3.8_W,21.39676274,27.31503484,0.452006065,0.197782063,10,10,9,9,10,10,213.9676274,57.98580688,TRUE,5.798580688,B_2024_121_2025,378.9350086,15239.87012,3607.491455,414.1493912,218.2512126,423.6923668,378.8521454,23.12323232,23.37727273,23.18888889,24.94,33.5,35.9,late_wet,dry,0.541126807,0.92,5,0,0,0.06,0.42,NA,NA,NA,NA,NA,NA
B_2024_90,Ntokozo,Letaba,-23.92952,31.49867,34,Granite,2024,5/6/2025,5/6/2024,Management,Female,adult,19-Jun-25,409,carcass,partial,S,5,5.84,Ntokozo_5_S,56.4442318,39.32986851,0.426176323,0.228217213,6,6,6,6,6,6,338.6653908,57.9906491,TRUE,5.79906491,B_2024_90_2025,34.0677111,9402.871094,2948.120605,450.029723,332.0134277,399.6323657,399.2558179,23.05505051,23.24545455,24.14166667,24.14166667,33.4,35.9,dry,dry,0.728929639,0.32,5,14,0,NA,4.34,NA,NA,NA,NA,NA,NA
B_2021_49,Ntshivana,Mooiplaas,-23.32766,31.5426,169,Granite,2021,10-Jul-21,7-Jul-21,Natural,female,adult,14-Aug-25,1499,carcass,partial,E,25,3.46,Ntshivana_25_E,20.21708444,27.04582206,0.311703104,-0.201668077,10,10,9,9,10,10,202.1708444,58.43087987,TRUE,5.843087987,B_2021_49_2025,168.9993396,8214.838867,2959.027832,416.8094176,536.7172086,445.9968957,431.1295652,23.77171717,23.22272727,23.34545455,26.95,34.2,37.3,dry,dry,1.059971921,0.62,4.833333333,17,1,0.06,1.9,NA,0.18,NA,NA,NA,NA
B_2024_121,Masorini,Phalaborwa,-23.86585,31.285,379,Granite,2024,2/18/2024,2/18/2024,Management,female,adult,30-Jul-25,528,carcass,partial,S,24,3.79,Masorini_24_S,22.21937658,26.30624028,0.325511939,0.026444691,10,10,10,10,10,10,222.1937658,58.62632342,TRUE,5.862632342,B_2024_121_2025,378.9350086,15239.87012,3607.491455,414.1493912,218.2512126,423.6923668,378.8521454,23.12323232,23.37727273,23.18888889,24.94,33.5,35.9,late_wet,dry,0.541126807,0.92,5,0,0,0.06,0.42,NA,NA,NA,NA,NA,NA
B_2022_31,Bububu,Shangoni,-23.075886,30.91599,1200,Granite,2022,5-Apr-23,10-Apr-22,Poached,male,adult,18-Aug-25,1226,carcass,partial,N,16.2,6.07,Bububu_16.2_N,35.65788688,33.39319603,0.404172322,0.12051674,10,10,10,10,10,10,356.5788688,58.74445944,TRUE,5.874445944,B_2022_31_2025,1199.898649,2460.64209,6797.304199,415.9791191,361.1855645,384.218508,540.3760989,22.95505051,22.53181818,23.08636364,26.125,32.8,36.1,dry,dry,0.073211274,38.1,2.25,0,8,NA,0.6,NA,NA,NA,NA,NA,NA
B_2023_66,Machalolo,Letaba,-23.81536,31.49551,1200,Basalt,2023,16-Jul-23,16-Jul-23,Management,female,adult,6-Aug-25,752,carcass,partial,N,24,6.73,Machalolo_24_N,39.57954069,33.1448765,0.395316998,0.12071148,10,10,10,10,10,10,395.7954069,58.81061024,TRUE,5.881061024,B_2023_66_2025,1200.249433,4883.600586,7517.097656,426.8250235,473.4461799,275.8268936,383.5587597,23.37676768,23.72727273,23.7,26.475,33.6,36.7,dry,dry,1.177746579,0.34,5,70,0,0.06,0.08,NA,0.08,NA,NA,NA,NA
B_2022_64,Outpost,Pafuri,-22.39239,31.1586683,405,Granite,2022,22-Jul-22,18-Jul-22,Fighting,female,adult,26-Aug-25,1135,carcass,partial,E,2.7,7.55,Outpost_2.7_E,44.55785773,38.09610547,0.431732611,0.15264968,10,10,8,8,10,10,445.5785773,59.01703011,TRUE,5.901703011,B_2022_64_2025,NA,NA,NA,NA,NA,NA,NA,NA,NA,NA,NA,NA,NA,NA,NA,NA,NA,NA,NA,NA,NA,NA,NA,NA,NA,NA,NA,NA
B_2022_64,Outpost,Pafuri,-22.39239,31.1586683,405,Granite,2022,22-Jul-22,18-Jul-22,Fighting,female,adult,26-Aug-25,1135,carcass,partial,E,8,5.13,Outpost_8_E,30.55703597,34.32586185,0.410225073,0.219701439,10,10,10,10,10,10,305.5703597,59.56537225,TRUE,5.956537225,B_2022_64_2025,NA,NA,NA,NA,NA,NA,NA,NA,NA,NA,NA,NA,NA,NA,NA,NA,NA,NA,NA,NA,NA,NA,NA,NA,NA,NA,NA,NA
B_2022_31,Bububu,Shangoni,-23.075886,30.91599,1200,Granite,2022,5-Apr-23,10-Apr-22,Poached,male,adult,18-Aug-25,1226,carcass,partial,W,5,5.29,Bububu_5_W,31.54182433,31.59776922,0.278673144,0.021616099,10,10,9,9,10,10,315.4182433,59.62537681,TRUE,5.962537681,B_2022_31_2025,1199.898649,2460.64209,6797.304199,415.9791191,361.1855645,384.218508,540.3760989,22.95505051,22.53181818,23.08636364,26.125,32.8,36.1,dry,dry,0.073211274,38.1,2.25,0,8,NA,0.6,NA,NA,NA,NA,NA,NA
B_2022_61,Mopane,Shingwedzi,-23.12896,31.43464,524,Basalt,2022,7-Jul-22,7-Jul-22,DCA,male,adult,20-Aug-25,1140,carcass,partial,W,25,3.93,Mopane_25_W,23.45268665,30.4111604,0.197764935,-1.368144295,10,10,10,10,10,10,234.5268665,59.67604744,TRUE,5.967604744,B_2022_61_2025,524.4575113,1548.173096,2296.010254,373.3621478,400.0614641,348.7654159,409.5820091,23.62474747,23.18636364,23.85909091,27.2625,34.4,37.7,dry,dry,2.247267796,4.82,4.72,87,5,NA,0.8,NA,0.12,NA,NA,NA,NA
B_2024_121,Masorini,Phalaborwa,-23.86585,31.285,379,Granite,2024,2/18/2024,2/18/2024,Management,female,adult,30-Jul-25,528,carcass,partial,E,5.1,8.58,Masorini_5.1_E,51.22893491,41.98409882,0.367148513,0.051788342,10,10,10,10,10,10,512.2893491,59.70738335,TRUE,5.970738335,B_2024_121_2025,378.9350086,15239.87012,3607.491455,414.1493912,218.2512126,423.6923668,378.8521454,23.12323232,23.37727273,23.18888889,24.94,33.5,35.9,late_wet,dry,0.541126807,0.92,5,0,0,0.06,0.42,NA,NA,NA,NA,NA,NA
B_2024_121,Masorini,Phalaborwa,-23.86585,31.285,379,Granite,2024,2/18/2024,2/18/2024,Management,female,adult,30-Jul-25,528,carcass,partial,S,5.8,7.92,Masorini_5.8_S,47.32361627,38.93830736,0.298071906,-0.005408141,10,10,10,10,10,10,473.2361627,59.75204074,TRUE,5.975204074,B_2024_121_2025,378.9350086,15239.87012,3607.491455,414.1493912,218.2512126,423.6923668,378.8521454,23.12323232,23.37727273,23.18888889,24.94,33.5,35.9,late_wet,dry,0.541126807,0.92,5,0,0,0.06,0.42,NA,NA,NA,NA,NA,NA
B_2022_64,Outpost,Pafuri,-22.39239,31.1586683,405,Granite,2022,22-Jul-22,18-Jul-22,Fighting,female,adult,26-Aug-25,1135,carcass,partial,E,25.5,5.07,Outpost_25.5_E,30.51067939,27.44287259,0.253206467,0.07797132,10,10,10,10,10,10,305.1067939,60.17885481,TRUE,6.017885481,B_2022_64_2025,NA,NA,NA,NA,NA,NA,NA,NA,NA,NA,NA,NA,NA,NA,NA,NA,NA,NA,NA,NA,NA,NA,NA,NA,NA,NA,NA,NA
B_2022_31,Bububu,Shangoni,-23.075886,30.91599,1200,Granite,2022,5-Apr-23,10-Apr-22,Poached,male,adult,18-Aug-25,1226,carcass,partial,S,6.3,8.06,Bububu_6.3_S,49.22724045,36.98359138,0.425018658,0.179484794,10,10,10,10,10,10,492.2724045,61.0759807,TRUE,6.10759807,B_2022_31_2025,1199.898649,2460.64209,6797.304199,415.9791191,361.1855645,384.218508,540.3760989,22.95505051,22.53181818,23.08636364,26.125,32.8,36.1,dry,dry,0.073211274,38.1,2.25,0,8,NA,0.6,NA,NA,NA,NA,NA,NA
B_2024_90,Ntokozo,Letaba,-23.92952,31.49867,34,Granite,2024,5/6/2025,5/6/2024,Management,Female,adult,19-Jun-25,409,carcass,partial,W,15,7.78,Ntokozo_15_W,47.69150424,40.99366639,0.474331303,0.216127428,10,10,10,10,10,10,476.9150424,61.30013398,TRUE,6.130013398,B_2024_90_2025,34.0677111,9402.871094,2948.120605,450.029723,332.0134277,399.6323657,399.2558179,23.05505051,23.24545455,24.14166667,24.14166667,33.4,35.9,dry,dry,0.728929639,0.32,5,14,0,NA,4.34,NA,NA,NA,NA,NA,NA
B_2021_49,Ntshivana,Mooiplaas,-23.32766,31.5426,169,Granite,2021,10-Jul-21,7-Jul-21,Natural,female,adult,14-Aug-25,1499,carcass,partial,E,13,5.28,Ntshivana_13_E,32.50581806,32.73266506,0.471422333,0.262620382,10,10,10,10,10,10,325.0581806,61.56404935,TRUE,6.156404935,B_2021_49_2025,168.9993396,8214.838867,2959.027832,416.8094176,536.7172086,445.9968957,431.1295652,23.77171717,23.22272727,23.34545455,26.95,34.2,37.3,dry,dry,1.059971921,0.62,4.833333333,17,1,0.06,1.9,NA,0.18,NA,NA,NA,NA
B_2021_49,Ntshivana,Mooiplaas,-23.32766,31.5426,169,Granite,2021,10-Jul-21,7-Jul-21,Natural,female,adult,14-Aug-25,1499,carcass,partial,E,10,4.86,Ntshivana_10_E,29.94095945,33.57186597,0.439863003,0.192954723,10,10,10,10,10,10,299.4095945,61.60691244,TRUE,6.160691244,B_2021_49_2025,168.9993396,8214.838867,2959.027832,416.8094176,536.7172086,445.9968957,431.1295652,23.77171717,23.22272727,23.34545455,26.95,34.2,37.3,dry,dry,1.059971921,0.62,4.833333333,17,1,0.06,1.9,NA,0.18,NA,NA,NA,NA
B_2023_66,Machalolo,Letaba,-23.81536,31.49551,1200,Basalt,2023,16-Jul-23,16-Jul-23,Management,female,adult,6-Aug-25,752,carcass,partial,E,6.6,6,Machalolo_6.6_E,37.00384377,33.09623838,0.28304144,-0.002861143,10,10,10,10,10,10,370.0384377,61.67307295,TRUE,6.167307295,B_2023_66_2025,1200.249433,4883.600586,7517.097656,426.8250235,473.4461799,275.8268936,383.5587597,23.37676768,23.72727273,23.7,26.475,33.6,36.7,dry,dry,1.177746579,0.34,5,70,0,0.06,0.08,NA,0.08,NA,NA,NA,NA
B_2024_90,Ntokozo,Letaba,-23.92952,31.49867,34,Granite,2024,5/6/2025,5/6/2024,Management,Female,adult,19-Jun-25,409,carcass,partial,N,2.6,6.41,Ntokozo_2.6_N,44.07985913,38.80769726,0.603431271,0.188359391,9,9,9,9,9,9,396.7187322,61.89059784,TRUE,6.189059784,B_2024_90_2025,34.0677111,9402.871094,2948.120605,450.029723,332.0134277,399.6323657,399.2558179,23.05505051,23.24545455,24.14166667,24.14166667,33.4,35.9,dry,dry,0.728929639,0.32,5,14,0,NA,4.34,NA,NA,NA,NA,NA,NA
B_2022_31,Bububu,Shangoni,-23.075886,30.91599,1200,Granite,2022,5-Apr-23,10-Apr-22,Poached,male,adult,18-Aug-25,1226,carcass,partial,S,10,8.13,Bububu_10_S,50.33883264,41.80634404,0.407372195,0.126123164,10,10,10,10,10,10,503.3883264,61.91738333,TRUE,6.191738333,B_2022_31_2025,1199.898649,2460.64209,6797.304199,415.9791191,361.1855645,384.218508,540.3760989,22.95505051,22.53181818,23.08636364,26.125,32.8,36.1,dry,dry,0.073211274,38.1,2.25,0,8,NA,0.6,NA,NA,NA,NA,NA,NA
B_2022_37,Nhlanganini,Letaba,-23.86795,31.54198,139,Basalt,2022,4-May-22,28-Apr-22,Natural,male,adult,29-Jul-25,1188,carcass,partial,W,15,6.21,Nhlanganini_15_W,38.49428708,36.4515496,0.301196761,0.009877128,10,10,10,10,10,10,384.9428708,61.98757983,TRUE,6.198757983,B_2022_37_2025,139.2737201,4837.447266,8105.197266,416.4311916,411.3091843,464.5164974,376.0561886,23.71111111,23.40909091,23.73181818,25.65,34.8,37.1,dry,dry,1.00585924,68.81,3.777777778,24,14,0.02,NA,NA,NA,NA,NA,NA,NA
B_2024_121,Masorini,Phalaborwa,-23.86585,31.285,379,Granite,2024,2/18/2024,2/18/2024,Management,female,adult,30-Jul-25,528,carcass,partial,E,12,4.52,Masorini_12_E,28.0229916,34.22650235,0.449582688,0.196314909,10,10,10,10,10,10,280.229916,61.99776904,TRUE,6.199776904,B_2024_121_2025,378.9350086,15239.87012,3607.491455,414.1493912,218.2512126,423.6923668,378.8521454,23.12323232,23.37727273,23.18888889,24.94,33.5,35.9,late_wet,dry,0.541126807,0.92,5,0,0,0.06,0.42,NA,NA,NA,NA,NA,NA
B_2022_64,Outpost,Pafuri,-22.39239,31.1586683,405,Granite,2022,22-Jul-22,18-Jul-22,Fighting,female,adult,26-Aug-25,1135,carcass,partial,S,24.5,4.78,Outpost_24.5_S,29.64062889,33.3268579,0.403495512,0.215354197,10,10,10,10,10,10,296.4062889,62.00968387,TRUE,6.200968387,B_2022_64_2025,NA,NA,NA,NA,NA,NA,NA,NA,NA,NA,NA,NA,NA,NA,NA,NA,NA,NA,NA,NA,NA,NA,NA,NA,NA,NA,NA,NA
B_2021_49,Ntshivana,Mooiplaas,-23.32766,31.5426,169,Granite,2021,10-Jul-21,7-Jul-21,Natural,female,adult,14-Aug-25,1499,carcass,partial,N,10.6,4.75,Ntshivana_10.6_N,29.46602603,33.62897114,0.424268722,0.185055614,10,10,10,10,10,10,294.6602603,62.03373901,TRUE,6.203373901,B_2021_49_2025,168.9993396,8214.838867,2959.027832,416.8094176,536.7172086,445.9968957,431.1295652,23.77171717,23.22272727,23.34545455,26.95,34.2,37.3,dry,dry,1.059971921,0.62,4.833333333,17,1,0.06,1.9,NA,0.18,NA,NA,NA,NA
B_2022_37,Nhlanganini,Letaba,-23.86795,31.54198,139,Basalt,2022,4-May-22,28-Apr-22,Natural,male,adult,29-Jul-25,1188,carcass,partial,S,10,2.9,Nhlanganini_10_S,20.02840722,24.54550272,0.437464525,0.108185653,9,9,9,9,9,9,180.255665,62.15712584,TRUE,6.215712584,B_2022_37_2025,139.2737201,4837.447266,8105.197266,416.4311916,411.3091843,464.5164974,376.0561886,23.71111111,23.40909091,23.73181818,25.65,34.8,37.1,dry,dry,1.00585924,68.81,3.777777778,24,14,0.02,NA,NA,NA,NA,NA,NA,NA
B_2022_61,Mopane,Shingwedzi,-23.12896,31.43464,524,Basalt,2022,7-Jul-22,7-Jul-22,DCA,male,adult,20-Aug-25,1140,carcass,partial,E,10.7,5.37,Mopane_10.7_E,33.40732306,25.8314174,0.352342318,-0.128124788,10,10,6,6,10,10,334.0732306,62.2110299,TRUE,6.22110299,B_2022_61_2025,524.4575113,1548.173096,2296.010254,373.3621478,400.0614641,348.7654159,409.5820091,23.62474747,23.18636364,23.85909091,27.2625,34.4,37.7,dry,dry,2.247267796,4.82,4.72,87,5,NA,0.8,NA,0.12,NA,NA,NA,NA
B_2024_121,Masorini,Phalaborwa,-23.86585,31.285,379,Granite,2024,2/18/2024,2/18/2024,Management,female,adult,30-Jul-25,528,carcass,partial,N,25,8.31,Masorini_25_N,51.79495427,43.29691122,0.325224346,0.009592349,10,10,10,10,10,10,517.9495427,62.32846482,TRUE,6.232846482,B_2024_121_2025,378.9350086,15239.87012,3607.491455,414.1493912,218.2512126,423.6923668,378.8521454,23.12323232,23.37727273,23.18888889,24.94,33.5,35.9,late_wet,dry,0.541126807,0.92,5,0,0,0.06,0.42,NA,NA,NA,NA,NA,NA
B_2022_64,Outpost,Pafuri,-22.39239,31.1586683,405,Granite,2022,22-Jul-22,18-Jul-22,Fighting,female,adult,26-Aug-25,1135,carcass,partial,E,10,5.45,Outpost_10_E,34.15271922,33.87139349,0.388604671,0.159481786,10,10,10,10,10,10,341.5271922,62.66553985,TRUE,6.266553985,B_2022_64_2025,NA,NA,NA,NA,NA,NA,NA,NA,NA,NA,NA,NA,NA,NA,NA,NA,NA,NA,NA,NA,NA,NA,NA,NA,NA,NA,NA,NA
B_2024_90,Ntokozo,Letaba,-23.92952,31.49867,34,Granite,2024,5/6/2025,5/6/2024,Management,Female,adult,19-Jun-25,409,carcass,partial,W,2.5,6.73,Ntokozo_2.5_W,42.41146806,37.88002823,0.371983218,0.224480434,10,10,10,10,10,10,424.1146806,63.01852609,TRUE,6.301852609,B_2024_90_2025,34.0677111,9402.871094,2948.120605,450.029723,332.0134277,399.6323657,399.2558179,23.05505051,23.24545455,24.14166667,24.14166667,33.4,35.9,dry,dry,0.728929639,0.32,5,14,0,NA,4.34,NA,NA,NA,NA,NA,NA
B_2021_49,Ntshivana,Mooiplaas,-23.32766,31.5426,169,Granite,2021,10-Jul-21,7-Jul-21,Natural,female,adult,14-Aug-25,1499,carcass,partial,N,24.8,9.5,Ntshivana_24.8_N,59.86893134,44.31643733,0.306315134,0.049326439,10,10,10,10,10,10,598.6893134,63.01992772,TRUE,6.301992772,B_2021_49_2025,168.9993396,8214.838867,2959.027832,416.8094176,536.7172086,445.9968957,431.1295652,23.77171717,23.22272727,23.34545455,26.95,34.2,37.3,dry,dry,1.059971921,0.62,4.833333333,17,1,0.06,1.9,NA,0.18,NA,NA,NA,NA
B_2022_61,Mopane,Shingwedzi,-23.12896,31.43464,524,Basalt,2022,7-Jul-22,7-Jul-22,DCA,male,adult,20-Aug-25,1140,carcass,partial,N,15,5.67,Mopane_15_N,35.79863643,33.9840712,0.307883014,0.212121552,10,10,10,10,10,10,357.9863643,63.13692492,TRUE,6.313692492,B_2022_61_2025,524.4575113,1548.173096,2296.010254,373.3621478,400.0614641,348.7654159,409.5820091,23.62474747,23.18636364,23.85909091,27.2625,34.4,37.7,dry,dry,2.247267796,4.82,4.72,87,5,NA,0.8,NA,0.12,NA,NA,NA,NA
B_2021_49,Ntshivana,Mooiplaas,-23.32766,31.5426,169,Granite,2021,10-Jul-21,7-Jul-21,Natural,female,adult,14-Aug-25,1499,carcass,partial,S,22.9,6.77,Ntshivana_22.9_S,42.81874695,38.97985018,0.518087873,0.252186444,10,10,10,10,10,10,428.1874695,63.24777984,TRUE,6.324777984,B_2021_49_2025,168.9993396,8214.838867,2959.027832,416.8094176,536.7172086,445.9968957,431.1295652,23.77171717,23.22272727,23.34545455,26.95,34.2,37.3,dry,dry,1.059971921,0.62,4.833333333,17,1,0.06,1.9,NA,0.18,NA,NA,NA,NA
B_2024_90,Ntokozo,Letaba,-23.92952,31.49867,34,Granite,2024,5/6/2025,5/6/2024,Management,Female,adult,19-Jun-25,409,carcass,partial,N,15,8.28,Ntokozo_15_N,52.48548484,43.40908645,0.468766201,0.251039045,10,10,10,10,10,10,524.8548484,63.38826671,TRUE,6.338826671,B_2024_90_2025,34.0677111,9402.871094,2948.120605,450.029723,332.0134277,399.6323657,399.2558179,23.05505051,23.24545455,24.14166667,24.14166667,33.4,35.9,dry,dry,0.728929639,0.32,5,14,0,NA,4.34,NA,NA,NA,NA,NA,NA
B_2022_37,Nhlanganini,Letaba,-23.86795,31.54198,139,Basalt,2022,4-May-22,28-Apr-22,Natural,male,adult,29-Jul-25,1188,carcass,partial,S,5,5.68,Nhlanganini_5_S,36.03489003,34.8114072,0.332026951,0.04679656,10,10,10,10,10,10,360.3489003,63.4417078,TRUE,6.34417078,B_2022_37_2025,139.2737201,4837.447266,8105.197266,416.4311916,411.3091843,464.5164974,376.0561886,23.71111111,23.40909091,23.73181818,25.65,34.8,37.1,dry,dry,1.00585924,68.81,3.777777778,24,14,0.02,NA,NA,NA,NA,NA,NA,NA
B_2022_37,Nhlanganini,Letaba,-23.86795,31.54198,139,Basalt,2022,4-May-22,28-Apr-22,Natural,male,adult,29-Jul-25,1188,carcass,partial,E,15,6.13,Nhlanganini_15_E,38.96664518,30.4486156,0.499711408,0.251107777,10,10,10,10,10,10,389.6664518,63.567121,TRUE,6.3567121,B_2022_37_2025,139.2737201,4837.447266,8105.197266,416.4311916,411.3091843,464.5164974,376.0561886,23.71111111,23.40909091,23.73181818,25.65,34.8,37.1,dry,dry,1.00585924,68.81,3.777777778,24,14,0.02,NA,NA,NA,NA,NA,NA,NA
B_2022_37,Nhlanganini,Letaba,-23.86795,31.54198,139,Basalt,2022,4-May-22,28-Apr-22,Natural,male,adult,29-Jul-25,1188,carcass,partial,E,25,4.74,Nhlanganini_25_E,30.31801043,28.73749831,0.268542862,0.05105423,10,10,9,9,10,10,303.1801043,63.96204733,TRUE,6.396204733,B_2022_37_2025,139.2737201,4837.447266,8105.197266,416.4311916,411.3091843,464.5164974,376.0561886,23.71111111,23.40909091,23.73181818,25.65,34.8,37.1,dry,dry,1.00585924,68.81,3.777777778,24,14,0.02,NA,NA,NA,NA,NA,NA,NA
B_2021_49,Ntshivana,Mooiplaas,-23.32766,31.5426,169,Granite,2021,10-Jul-21,7-Jul-21,Natural,female,adult,14-Aug-25,1499,carcass,partial,S,6,4.78,Ntshivana_6_S,30.68876613,34.10494025,0.4178927,-0.35549811,10,10,10,10,10,10,306.8876613,64.2024396,TRUE,6.42024396,B_2021_49_2025,168.9993396,8214.838867,2959.027832,416.8094176,536.7172086,445.9968957,431.1295652,23.77171717,23.22272727,23.34545455,26.95,34.2,37.3,dry,dry,1.059971921,0.62,4.833333333,17,1,0.06,1.9,NA,0.18,NA,NA,NA,NA
B_2022_61,Mopane,Shingwedzi,-23.12896,31.43464,524,Basalt,2022,7-Jul-22,7-Jul-22,DCA,male,adult,20-Aug-25,1140,carcass,partial,N,25,5.44,Mopane_25_N,34.95166267,33.49150793,0.160872855,-2.296514967,10,10,10,10,10,10,349.5166267,64.2493799,TRUE,6.42493799,B_2022_61_2025,524.4575113,1548.173096,2296.010254,373.3621478,400.0614641,348.7654159,409.5820091,23.62474747,23.18636364,23.85909091,27.2625,34.4,37.7,dry,dry,2.247267796,4.82,4.72,87,5,NA,0.8,NA,0.12,NA,NA,NA,NA
B_2024_121,Masorini,Phalaborwa,-23.86585,31.285,379,Granite,2024,2/18/2024,2/18/2024,Management,female,adult,30-Jul-25,528,carcass,partial,S,3.5,7,Masorini_3.5_S,45.0194674,42.02834405,0.342865095,0.022681405,10,10,10,10,10,10,450.194674,64.31352486,TRUE,6.431352486,B_2024_121_2025,378.9350086,15239.87012,3607.491455,414.1493912,218.2512126,423.6923668,378.8521454,23.12323232,23.37727273,23.18888889,24.94,33.5,35.9,late_wet,dry,0.541126807,0.92,5,0,0,0.06,0.42,NA,NA,NA,NA,NA,NA
B_2022_31,Bububu,Shangoni,-23.075886,30.91599,1200,Granite,2022,5-Apr-23,10-Apr-22,Poached,male,adult,18-Aug-25,1226,carcass,partial,W,24.2,7.33,Bububu_24.2_W,47.17701781,41.22895321,0.362832799,0.065228153,10,10,10,10,10,10,471.7701781,64.36155226,TRUE,6.436155226,B_2022_31_2025,1199.898649,2460.64209,6797.304199,415.9791191,361.1855645,384.218508,540.3760989,22.95505051,22.53181818,23.08636364,26.125,32.8,36.1,dry,dry,0.073211274,38.1,2.25,0,8,NA,0.6,NA,NA,NA,NA,NA,NA
B_2022_64,Outpost,Pafuri,-22.39239,31.1586683,405,Granite,2022,22-Jul-22,18-Jul-22,Fighting,female,adult,26-Aug-25,1135,carcass,partial,W,15,8.38,Outpost_15_W,54.00144219,39.95603839,0.355475646,0.175811494,10,10,10,10,10,10,540.0144219,64.4408618,TRUE,6.44408618,B_2022_64_2025,NA,NA,NA,NA,NA,NA,NA,NA,NA,NA,NA,NA,NA,NA,NA,NA,NA,NA,NA,NA,NA,NA,NA,NA,NA,NA,NA,NA
B_2023_66,Machalolo,Letaba,-23.81536,31.49551,1200,Basalt,2023,16-Jul-23,16-Jul-23,Management,female,adult,6-Aug-25,752,carcass,partial,E,13,6.5,Machalolo_13_E,41.92597769,36.29683296,0.419636234,0.160491768,10,10,10,10,10,10,419.2597769,64.50150414,TRUE,6.450150414,B_2023_66_2025,1200.249433,4883.600586,7517.097656,426.8250235,473.4461799,275.8268936,383.5587597,23.37676768,23.72727273,23.7,26.475,33.6,36.7,dry,dry,1.177746579,0.34,5,70,0,0.06,0.08,NA,0.08,NA,NA,NA,NA
B_2024_121,Masorini,Phalaborwa,-23.86585,31.285,379,Granite,2024,2/18/2024,2/18/2024,Management,female,adult,30-Jul-25,528,carcass,partial,N,10,6.32,Masorini_10_N,40.76955851,34.49588556,0.347452359,0.193818904,10,10,10,10,10,10,407.6955851,64.50879511,TRUE,6.450879511,B_2024_121_2025,378.9350086,15239.87012,3607.491455,414.1493912,218.2512126,423.6923668,378.8521454,23.12323232,23.37727273,23.18888889,24.94,33.5,35.9,late_wet,dry,0.541126807,0.92,5,0,0,0.06,0.42,NA,NA,NA,NA,NA,NA
B_2022_64,Outpost,Pafuri,-22.39239,31.1586683,405,Granite,2022,22-Jul-22,18-Jul-22,Fighting,female,adult,26-Aug-25,1135,carcass,partial,W,3.8,5.13,Outpost_3.8_W,33.11227656,32.38527029,0.364666314,0.117156383,10,10,10,10,10,10,331.1227656,64.54634808,TRUE,6.454634808,B_2022_64_2025,NA,NA,NA,NA,NA,NA,NA,NA,NA,NA,NA,NA,NA,NA,NA,NA,NA,NA,NA,NA,NA,NA,NA,NA,NA,NA,NA,NA
B_2022_64,Outpost,Pafuri,-22.39239,31.1586683,405,Granite,2022,22-Jul-22,18-Jul-22,Fighting,female,adult,26-Aug-25,1135,carcass,partial,W,10,5.61,Outpost_10_W,36.36899296,33.16070208,0.435170189,0.159703911,10,10,9,9,10,10,363.6899296,64.82886445,TRUE,6.482886445,B_2022_64_2025,NA,NA,NA,NA,NA,NA,NA,NA,NA,NA,NA,NA,NA,NA,NA,NA,NA,NA,NA,NA,NA,NA,NA,NA,NA,NA,NA,NA
B_2022_37,Nhlanganini,Letaba,-23.86795,31.54198,139,Basalt,2022,4-May-22,28-Apr-22,Natural,male,adult,29-Jul-25,1188,carcass,partial,N,15,7.41,Nhlanganini_15_N,48.10551421,37.27064294,0.463256454,0.248779963,10,10,10,10,10,10,481.0551421,64.91972228,TRUE,6.491972228,B_2022_37_2025,139.2737201,4837.447266,8105.197266,416.4311916,411.3091843,464.5164974,376.0561886,23.71111111,23.40909091,23.73181818,25.65,34.8,37.1,dry,dry,1.00585924,68.81,3.777777778,24,14,0.02,NA,NA,NA,NA,NA,NA,NA
B_2022_64,Outpost,Pafuri,-22.39239,31.1586683,405,Granite,2022,22-Jul-22,18-Jul-22,Fighting,female,adult,26-Aug-25,1135,carcass,partial,S,15,6.49,Outpost_15_S,42.27622848,35.25155011,0.350819444,0.062909444,10,10,10,10,10,10,422.7622848,65.14056777,TRUE,6.514056777,B_2022_64_2025,NA,NA,NA,NA,NA,NA,NA,NA,NA,NA,NA,NA,NA,NA,NA,NA,NA,NA,NA,NA,NA,NA,NA,NA,NA,NA,NA,NA
B_2022_31,Bububu,Shangoni,-23.075886,30.91599,1200,Granite,2022,5-Apr-23,10-Apr-22,Poached,male,adult,18-Aug-25,1226,carcass,partial,N,24.5,5.24,Bububu_24.5_N,34.28426168,33.66468616,0.421188993,0.265594593,10,10,10,10,10,10,342.8426168,65.4279803,TRUE,6.54279803,B_2022_31_2025,1199.898649,2460.64209,6797.304199,415.9791191,361.1855645,384.218508,540.3760989,22.95505051,22.53181818,23.08636364,26.125,32.8,36.1,dry,dry,0.073211274,38.1,2.25,0,8,NA,0.6,NA,NA,NA,NA,NA,NA
B_2024_90,Ntokozo,Letaba,-23.92952,31.49867,34,Granite,2024,5/6/2025,5/6/2024,Management,Female,adult,19-Jun-25,409,carcass,partial,E,15,6.68,Ntokozo_15_E,43.72235778,41.75639329,0.500430383,0.196231512,10,10,10,10,10,10,437.2235778,65.45263141,TRUE,6.545263141,B_2024_90_2025,34.0677111,9402.871094,2948.120605,450.029723,332.0134277,399.6323657,399.2558179,23.05505051,23.24545455,24.14166667,24.14166667,33.4,35.9,dry,dry,0.728929639,0.32,5,14,0,NA,4.34,NA,NA,NA,NA,NA,NA
B_2022_61,Mopane,Shingwedzi,-23.12896,31.43464,524,Basalt,2022,7-Jul-22,7-Jul-22,DCA,male,adult,20-Aug-25,1140,carcass,partial,W,8,6.21,Mopane_8_W,40.69696453,28.58058966,0.38053526,-1.483175958,10,10,10,10,10,10,406.9696453,65.53456446,TRUE,6.553456446,B_2022_61_2025,524.4575113,1548.173096,2296.010254,373.3621478,400.0614641,348.7654159,409.5820091,23.62474747,23.18636364,23.85909091,27.2625,34.4,37.7,dry,dry,2.247267796,4.82,4.72,87,5,NA,0.8,NA,0.12,NA,NA,NA,NA
B_2021_49,Ntshivana,Mooiplaas,-23.32766,31.5426,169,Granite,2021,10-Jul-21,7-Jul-21,Natural,female,adult,14-Aug-25,1499,carcass,partial,W,22.5,5.71,Ntshivana_22.5_W,37.47264107,34.96008246,0.311156187,0.107820141,10,10,10,10,10,10,374.7264107,65.62634163,TRUE,6.562634163,B_2021_49_2025,168.9993396,8214.838867,2959.027832,416.8094176,536.7172086,445.9968957,431.1295652,23.77171717,23.22272727,23.34545455,26.95,34.2,37.3,dry,dry,1.059971921,0.62,4.833333333,17,1,0.06,1.9,NA,0.18,NA,NA,NA,NA
B_2021_49,Ntshivana,Mooiplaas,-23.32766,31.5426,169,Granite,2021,10-Jul-21,7-Jul-21,Natural,female,adult,14-Aug-25,1499,carcass,partial,E,2.5,4.48,Ntshivana_2.5_E,29.4804268,32.34666183,0.480662808,0.189637991,10,10,10,10,10,10,294.804268,65.80452411,TRUE,6.580452411,B_2021_49_2025,168.9993396,8214.838867,2959.027832,416.8094176,536.7172086,445.9968957,431.1295652,23.77171717,23.22272727,23.34545455,26.95,34.2,37.3,dry,dry,1.059971921,0.62,4.833333333,17,1,0.06,1.9,NA,0.18,NA,NA,NA,NA
B_2022_37,Nhlanganini,Letaba,-23.86795,31.54198,139,Basalt,2022,4-May-22,28-Apr-22,Natural,male,adult,29-Jul-25,1188,carcass,partial,S,25,6.7,Nhlanganini_25_S,44.62117115,41.63525159,0.522549061,0.28712818,10,10,10,10,10,10,446.2117115,66.59876291,TRUE,6.659876291,B_2022_37_2025,139.2737201,4837.447266,8105.197266,416.4311916,411.3091843,464.5164974,376.0561886,23.71111111,23.40909091,23.73181818,25.65,34.8,37.1,dry,dry,1.00585924,68.81,3.777777778,24,14,0.02,NA,NA,NA,NA,NA,NA,NA
B_2023_66,Machalolo,Letaba,-23.81536,31.49551,1200,Basalt,2023,16-Jul-23,16-Jul-23,Management,female,adult,6-Aug-25,752,carcass,partial,E,2.6,5.58,Machalolo_2.6_E,37.27874529,38.0264784,0.335434549,0.087930693,10,10,10,10,10,10,372.7874529,66.80778725,TRUE,6.680778725,B_2023_66_2025,1200.249433,4883.600586,7517.097656,426.8250235,473.4461799,275.8268936,383.5587597,23.37676768,23.72727273,23.7,26.475,33.6,36.7,dry,dry,1.177746579,0.34,5,70,0,0.06,0.08,NA,0.08,NA,NA,NA,NA
B_2023_66,Machalolo,Letaba,-23.81536,31.49551,1200,Basalt,2023,16-Jul-23,16-Jul-23,Management,female,adult,6-Aug-25,752,carcass,partial,N,10.9,6.28,Machalolo_10.9_N,42.01573155,39.90454982,0.370203668,0.08356476,10,10,10,10,10,10,420.1573155,66.90403112,TRUE,6.690403112,B_2023_66_2025,1200.249433,4883.600586,7517.097656,426.8250235,473.4461799,275.8268936,383.5587597,23.37676768,23.72727273,23.7,26.475,33.6,36.7,dry,dry,1.177746579,0.34,5,70,0,0.06,0.08,NA,0.08,NA,NA,NA,NA
B_2021_49,Ntshivana,Mooiplaas,-23.32766,31.5426,169,Granite,2021,10-Jul-21,7-Jul-21,Natural,female,adult,14-Aug-25,1499,carcass,partial,S,15,3.88,Ntshivana_15_S,25.99546339,30.16324925,0.331763282,0.048308918,10,10,10,10,10,10,259.9546339,66.99861698,TRUE,6.699861698,B_2021_49_2025,168.9993396,8214.838867,2959.027832,416.8094176,536.7172086,445.9968957,431.1295652,23.77171717,23.22272727,23.34545455,26.95,34.2,37.3,dry,dry,1.059971921,0.62,4.833333333,17,1,0.06,1.9,NA,0.18,NA,NA,NA,NA
B_2023_66,Machalolo,Letaba,-23.81536,31.49551,1200,Basalt,2023,16-Jul-23,16-Jul-23,Management,female,adult,6-Aug-25,752,carcass,partial,S,2.9,4.94,Machalolo_2.9_S,33.10185402,34.21995606,0.377868361,0.101298251,10,10,10,10,10,10,331.0185402,67.00780165,TRUE,6.700780165,B_2023_66_2025,1200.249433,4883.600586,7517.097656,426.8250235,473.4461799,275.8268936,383.5587597,23.37676768,23.72727273,23.7,26.475,33.6,36.7,dry,dry,1.177746579,0.34,5,70,0,0.06,0.08,NA,0.08,NA,NA,NA,NA
B_2022_37,Nhlanganini,Letaba,-23.86795,31.54198,139,Basalt,2022,4-May-22,28-Apr-22,Natural,male,adult,29-Jul-25,1188,carcass,partial,W,5,5.34,Nhlanganini_5_W,35.7934442,31.92329209,0.354274633,-0.042556294,10,10,10,10,10,10,357.934442,67.02892172,TRUE,6.702892172,B_2022_37_2025,139.2737201,4837.447266,8105.197266,416.4311916,411.3091843,464.5164974,376.0561886,23.71111111,23.40909091,23.73181818,25.65,34.8,37.1,dry,dry,1.00585924,68.81,3.777777778,24,14,0.02,NA,NA,NA,NA,NA,NA,NA
B_2023_66,Machalolo,Letaba,-23.81536,31.49551,1200,Basalt,2023,16-Jul-23,16-Jul-23,Management,female,adult,6-Aug-25,752,carcass,partial,N,2.5,2.91,Machalolo_2.5_N,19.51249676,27.74894704,0.332788086,0.050641639,10,10,10,10,10,10,195.1249676,67.05325347,TRUE,6.705325347,B_2023_66_2025,1200.249433,4883.600586,7517.097656,426.8250235,473.4461799,275.8268936,383.5587597,23.37676768,23.72727273,23.7,26.475,33.6,36.7,dry,dry,1.177746579,0.34,5,70,0,0.06,0.08,NA,0.08,NA,NA,NA,NA
B_2022_61,Mopane,Shingwedzi,-23.12896,31.43464,524,Basalt,2022,7-Jul-22,7-Jul-22,DCA,male,adult,20-Aug-25,1140,carcass,partial,E,15.7,4.47,Mopane_15.7_E,29.97965604,34.0596669,0.303782491,-3.187604184,10,10,10,10,10,10,299.7965604,67.06858174,TRUE,6.706858174,B_2022_61_2025,524.4575113,1548.173096,2296.010254,373.3621478,400.0614641,348.7654159,409.5820091,23.62474747,23.18636364,23.85909091,27.2625,34.4,37.7,dry,dry,2.247267796,4.82,4.72,87,5,NA,0.8,NA,0.12,NA,NA,NA,NA
B_2022_31,Bububu,Shangoni,-23.075886,30.91599,1200,Granite,2022,5-Apr-23,10-Apr-22,Poached,male,adult,18-Aug-25,1226,carcass,partial,N,10.6,4.69,Bububu_10.6_N,31.47106962,32.5265773,0.522915884,0.218465905,10,10,9,9,10,10,314.7106962,67.10249387,TRUE,6.710249387,B_2022_31_2025,1199.898649,2460.64209,6797.304199,415.9791191,361.1855645,384.218508,540.3760989,22.95505051,22.53181818,23.08636364,26.125,32.8,36.1,dry,dry,0.073211274,38.1,2.25,0,8,NA,0.6,NA,NA,NA,NA,NA,NA
B_2022_37,Nhlanganini,Letaba,-23.86795,31.54198,139,Basalt,2022,4-May-22,28-Apr-22,Natural,male,adult,29-Jul-25,1188,carcass,partial,N,5,4.67,Nhlanganini_5_N,34.97902791,32.35251174,0.39509548,0.241740459,9,9,9,9,9,9,314.8112512,67.41140283,TRUE,6.741140283,B_2022_37_2025,139.2737201,4837.447266,8105.197266,416.4311916,411.3091843,464.5164974,376.0561886,23.71111111,23.40909091,23.73181818,25.65,34.8,37.1,dry,dry,1.00585924,68.81,3.777777778,24,14,0.02,NA,NA,NA,NA,NA,NA,NA
B_2024_90,Ntokozo,Letaba,-23.92952,31.49867,34,Granite,2024,5/6/2025,5/6/2024,Management,Female,adult,19-Jun-25,409,carcass,partial,N,25,6.17,Ntokozo_25_N,41.62571366,37.18952255,0.409854029,0.138694077,10,10,10,10,10,10,416.2571366,67.46468989,TRUE,6.746468989,B_2024_90_2025,34.0677111,9402.871094,2948.120605,450.029723,332.0134277,399.6323657,399.2558179,23.05505051,23.24545455,24.14166667,24.14166667,33.4,35.9,dry,dry,0.728929639,0.32,5,14,0,NA,4.34,NA,NA,NA,NA,NA,NA
B_2022_37,Nhlanganini,Letaba,-23.86795,31.54198,139,Basalt,2022,4-May-22,28-Apr-22,Natural,male,adult,29-Jul-25,1188,carcass,partial,W,25,6.4,Nhlanganini_25_W,43.36355541,39.45906841,0.367785484,0.093936601,10,10,10,10,10,10,433.6355541,67.75555532,TRUE,6.775555532,B_2022_37_2025,139.2737201,4837.447266,8105.197266,416.4311916,411.3091843,464.5164974,376.0561886,23.71111111,23.40909091,23.73181818,25.65,34.8,37.1,dry,dry,1.00585924,68.81,3.777777778,24,14,0.02,NA,NA,NA,NA,NA,NA,NA
B_2022_64,Outpost,Pafuri,-22.39239,31.1586683,405,Granite,2022,22-Jul-22,18-Jul-22,Fighting,female,adult,26-Aug-25,1135,carcass,partial,N,6.6,4.46,Outpost_6.6_N,30.32906311,33.16066495,0.370203433,0.143473417,10,10,10,10,10,10,303.2906311,68.00238366,TRUE,6.800238366,B_2022_64_2025,NA,NA,NA,NA,NA,NA,NA,NA,NA,NA,NA,NA,NA,NA,NA,NA,NA,NA,NA,NA,NA,NA,NA,NA,NA,NA,NA,NA
B_2023_66,Machalolo,Letaba,-23.81536,31.49551,1200,Basalt,2023,16-Jul-23,16-Jul-23,Management,female,adult,6-Aug-25,752,carcass,partial,S,5,5.55,Machalolo_5_S,37.92650268,36.57999182,0.270587032,-0.012537275,10,10,10,10,10,10,379.2650268,68.33604087,TRUE,6.833604087,B_2023_66_2025,1200.249433,4883.600586,7517.097656,426.8250235,473.4461799,275.8268936,383.5587597,23.37676768,23.72727273,23.7,26.475,33.6,36.7,dry,dry,1.177746579,0.34,5,70,0,0.06,0.08,NA,0.08,NA,NA,NA,NA
B_2022_37,Nhlanganini,Letaba,-23.86795,31.54198,139,Basalt,2022,4-May-22,28-Apr-22,Natural,male,adult,29-Jul-25,1188,carcass,partial,S,2.5,5.62,Nhlanganini_2.5_S,38.60614982,37.09681107,0.386537883,0.089304256,10,10,10,10,10,10,386.0614982,68.69421675,TRUE,6.869421675,B_2022_37_2025,139.2737201,4837.447266,8105.197266,416.4311916,411.3091843,464.5164974,376.0561886,23.71111111,23.40909091,23.73181818,25.65,34.8,37.1,dry,dry,1.00585924,68.81,3.777777778,24,14,0.02,NA,NA,NA,NA,NA,NA,NA
B_2024_121,Masorini,Phalaborwa,-23.86585,31.285,379,Granite,2024,2/18/2024,2/18/2024,Management,female,adult,30-Jul-25,528,carcass,partial,N,15,5.77,Masorini_15_N,39.65208301,35.68294304,0.470826955,0.22293542,10,10,10,10,10,10,396.5208301,68.7211144,TRUE,6.87211144,B_2024_121_2025,378.9350086,15239.87012,3607.491455,414.1493912,218.2512126,423.6923668,378.8521454,23.12323232,23.37727273,23.18888889,24.94,33.5,35.9,late_wet,dry,0.541126807,0.92,5,0,0,0.06,0.42,NA,NA,NA,NA,NA,NA
B_2022_37,Nhlanganini,Letaba,-23.86795,31.54198,139,Basalt,2022,4-May-22,28-Apr-22,Natural,male,adult,29-Jul-25,1188,carcass,partial,E,5,4.65,Nhlanganini_5_E,32.07208757,29.82005607,0.342910282,0.074735791,10,10,10,10,10,10,320.7208757,68.97223134,TRUE,6.897223134,B_2022_37_2025,139.2737201,4837.447266,8105.197266,416.4311916,411.3091843,464.5164974,376.0561886,23.71111111,23.40909091,23.73181818,25.65,34.8,37.1,dry,dry,1.00585924,68.81,3.777777778,24,14,0.02,NA,NA,NA,NA,NA,NA,NA
B_2024_90,Ntokozo,Letaba,-23.92952,31.49867,34,Granite,2024,5/6/2025,5/6/2024,Management,Female,adult,19-Jun-25,409,carcass,partial,W,10,6.58,Ntokozo_10_W,45.40654535,38.21705852,0.5289032,0.240164822,10,10,10,10,10,10,454.0654535,69.00690782,TRUE,6.900690782,B_2024_90_2025,34.0677111,9402.871094,2948.120605,450.029723,332.0134277,399.6323657,399.2558179,23.05505051,23.24545455,24.14166667,24.14166667,33.4,35.9,dry,dry,0.728929639,0.32,5,14,0,NA,4.34,NA,NA,NA,NA,NA,NA
B_2022_61,Mopane,Shingwedzi,-23.12896,31.43464,524,Basalt,2022,7-Jul-22,7-Jul-22,DCA,male,adult,20-Aug-25,1140,carcass,partial,S,1.8,4.38,Mopane_1.8_S,30.30963017,31.82714868,0.380282541,-0.512644906,10,10,10,10,10,10,303.0963017,69.20006888,TRUE,6.920006888,B_2022_61_2025,524.4575113,1548.173096,2296.010254,373.3621478,400.0614641,348.7654159,409.5820091,23.62474747,23.18636364,23.85909091,27.2625,34.4,37.7,dry,dry,2.247267796,4.82,4.72,87,5,NA,0.8,NA,0.12,NA,NA,NA,NA
B_2022_64,Outpost,Pafuri,-22.39239,31.1586683,405,Granite,2022,22-Jul-22,18-Jul-22,Fighting,female,adult,26-Aug-25,1135,carcass,partial,N,2.8,4.47,Outpost_2.8_N,31.07388004,31.32305468,0.445887935,0.171070887,10,10,7,7,10,10,310.7388004,69.51651016,TRUE,6.951651016,B_2022_64_2025,NA,NA,NA,NA,NA,NA,NA,NA,NA,NA,NA,NA,NA,NA,NA,NA,NA,NA,NA,NA,NA,NA,NA,NA,NA,NA,NA,NA
B_2024_90,Ntokozo,Letaba,-23.92952,31.49867,34,Granite,2024,5/6/2025,5/6/2024,Management,Female,adult,19-Jun-25,409,carcass,partial,N,5,4.61,Ntokozo_5_N,32.07547222,35.87901294,0.477031506,0.211455207,10,10,10,10,10,10,320.7547222,69.57803084,TRUE,6.957803084,B_2024_90_2025,34.0677111,9402.871094,2948.120605,450.029723,332.0134277,399.6323657,399.2558179,23.05505051,23.24545455,24.14166667,24.14166667,33.4,35.9,dry,dry,0.728929639,0.32,5,14,0,NA,4.34,NA,NA,NA,NA,NA,NA
B_2024_90,Ntokozo,Letaba,-23.92952,31.49867,34,Granite,2024,5/6/2025,5/6/2024,Management,Female,adult,19-Jun-25,409,carcass,partial,E,25,4.08,Ntokozo_25_E,28.44238879,33.448516,0.384335999,0.104501386,10,10,10,10,10,10,284.4238879,69.71173722,TRUE,6.971173722,B_2024_90_2025,34.0677111,9402.871094,2948.120605,450.029723,332.0134277,399.6323657,399.2558179,23.05505051,23.24545455,24.14166667,24.14166667,33.4,35.9,dry,dry,0.728929639,0.32,5,14,0,NA,4.34,NA,NA,NA,NA,NA,NA
B_2022_64,Outpost,Pafuri,-22.39239,31.1586683,405,Granite,2022,22-Jul-22,18-Jul-22,Fighting,female,adult,26-Aug-25,1135,carcass,partial,W,6,5.39,Outpost_6_W,37.59918835,36.80740421,0.363901947,0.108010075,10,10,10,10,10,10,375.9918835,69.75730676,TRUE,6.975730676,B_2022_64_2025,NA,NA,NA,NA,NA,NA,NA,NA,NA,NA,NA,NA,NA,NA,NA,NA,NA,NA,NA,NA,NA,NA,NA,NA,NA,NA,NA,NA
B_2022_37,Nhlanganini,Letaba,-23.86795,31.54198,139,Basalt,2022,4-May-22,28-Apr-22,Natural,male,adult,29-Jul-25,1188,carcass,partial,W,10,7.46,Nhlanganini_10_W,52.3036575,44.02253043,0.383118021,0.151834234,10,10,10,10,10,10,523.036575,70.11214142,TRUE,7.011214142,B_2022_37_2025,139.2737201,4837.447266,8105.197266,416.4311916,411.3091843,464.5164974,376.0561886,23.71111111,23.40909091,23.73181818,25.65,34.8,37.1,dry,dry,1.00585924,68.81,3.777777778,24,14,0.02,NA,NA,NA,NA,NA,NA,NA
B_2021_49,Ntshivana,Mooiplaas,-23.32766,31.5426,169,Granite,2021,10-Jul-21,7-Jul-21,Natural,female,adult,14-Aug-25,1499,carcass,partial,W,14.5,5.05,Ntshivana_14.5_W,35.41926658,34.36182273,0.546677727,0.284313958,10,10,10,10,10,10,354.1926658,70.13716155,TRUE,7.013716155,B_2021_49_2025,168.9993396,8214.838867,2959.027832,416.8094176,536.7172086,445.9968957,431.1295652,23.77171717,23.22272727,23.34545455,26.95,34.2,37.3,dry,dry,1.059971921,0.62,4.833333333,17,1,0.06,1.9,NA,0.18,NA,NA,NA,NA
B_2022_61,Mopane,Shingwedzi,-23.12896,31.43464,524,Basalt,2022,7-Jul-22,7-Jul-22,DCA,male,adult,20-Aug-25,1140,carcass,partial,E,23.9,4.89,Mopane_23.9_E,34.3569826,36.47075075,0.255720833,-0.730092959,10,10,10,10,10,10,343.569826,70.25967811,TRUE,7.025967811,B_2022_61_2025,524.4575113,1548.173096,2296.010254,373.3621478,400.0614641,348.7654159,409.5820091,23.62474747,23.18636364,23.85909091,27.2625,34.4,37.7,dry,dry,2.247267796,4.82,4.72,87,5,NA,0.8,NA,0.12,NA,NA,NA,NA
B_2022_64,Outpost,Pafuri,-22.39239,31.1586683,405,Granite,2022,22-Jul-22,18-Jul-22,Fighting,female,adult,26-Aug-25,1135,carcass,partial,N,11.6,5.82,Outpost_11.6_N,40.96129645,39.34016845,0.373695042,0.161651432,10,10,10,10,10,10,409.6129645,70.38023444,TRUE,7.038023444,B_2022_64_2025,NA,NA,NA,NA,NA,NA,NA,NA,NA,NA,NA,NA,NA,NA,NA,NA,NA,NA,NA,NA,NA,NA,NA,NA,NA,NA,NA,NA
B_2022_64,Outpost,Pafuri,-22.39239,31.1586683,405,Granite,2022,22-Jul-22,18-Jul-22,Fighting,female,adult,26-Aug-25,1135,carcass,partial,E,15,4.71,Outpost_15_E,33.34063508,33.53000734,0.365628274,0.124049733,10,10,10,10,10,10,333.4063508,70.78691099,TRUE,7.078691099,B_2022_64_2025,NA,NA,NA,NA,NA,NA,NA,NA,NA,NA,NA,NA,NA,NA,NA,NA,NA,NA,NA,NA,NA,NA,NA,NA,NA,NA,NA,NA
B_2021_49,Ntshivana,Mooiplaas,-23.32766,31.5426,169,Granite,2021,10-Jul-21,7-Jul-21,Natural,female,adult,14-Aug-25,1499,carcass,partial,S,11,5.11,Ntshivana_11_S,36.19392193,37.52593085,0.387388486,0.155658164,10,10,10,10,10,10,361.9392193,70.82959282,TRUE,7.082959282,B_2021_49_2025,168.9993396,8214.838867,2959.027832,416.8094176,536.7172086,445.9968957,431.1295652,23.77171717,23.22272727,23.34545455,26.95,34.2,37.3,dry,dry,1.059971921,0.62,4.833333333,17,1,0.06,1.9,NA,0.18,NA,NA,NA,NA
B_2022_61,Mopane,Shingwedzi,-23.12896,31.43464,524,Basalt,2022,7-Jul-22,7-Jul-22,DCA,male,adult,20-Aug-25,1140,carcass,partial,E,5.4,6.57,Mopane_5.4_E,46.53578937,39.52206397,0.3534681,0.029458327,10,10,10,10,10,10,465.3578937,70.83072963,TRUE,7.083072963,B_2022_61_2025,524.4575113,1548.173096,2296.010254,373.3621478,400.0614641,348.7654159,409.5820091,23.62474747,23.18636364,23.85909091,27.2625,34.4,37.7,dry,dry,2.247267796,4.82,4.72,87,5,NA,0.8,NA,0.12,NA,NA,NA,NA
B_2022_61,Mopane,Shingwedzi,-23.12896,31.43464,524,Basalt,2022,7-Jul-22,7-Jul-22,DCA,male,adult,20-Aug-25,1140,carcass,partial,N,5,4.86,Mopane_5_N,34.64369416,26.23212603,0.39651061,0.069061757,10,10,6,6,10,10,346.4369416,71.28332131,TRUE,7.128332131,B_2022_61_2025,524.4575113,1548.173096,2296.010254,373.3621478,400.0614641,348.7654159,409.5820091,23.62474747,23.18636364,23.85909091,27.2625,34.4,37.7,dry,dry,2.247267796,4.82,4.72,87,5,NA,0.8,NA,0.12,NA,NA,NA,NA
B_2022_61,Mopane,Shingwedzi,-23.12896,31.43464,524,Basalt,2022,7-Jul-22,7-Jul-22,DCA,male,adult,20-Aug-25,1140,carcass,partial,S,9.9,8.06,Mopane_9.9_S,57.65855327,43.67133028,0.317724156,-0.359700132,10,10,10,10,10,10,576.5855327,71.53666658,TRUE,7.153666658,B_2022_61_2025,524.4575113,1548.173096,2296.010254,373.3621478,400.0614641,348.7654159,409.5820091,23.62474747,23.18636364,23.85909091,27.2625,34.4,37.7,dry,dry,2.247267796,4.82,4.72,87,5,NA,0.8,NA,0.12,NA,NA,NA,NA
B_2024_90,Ntokozo,Letaba,-23.92952,31.49867,34,Granite,2024,5/6/2025,5/6/2024,Management,Female,adult,19-Jun-25,409,carcass,partial,S,25,6.94,Ntokozo_25_S,55.66365464,44.15777278,0.457430651,0.154655636,9,9,9,9,9,9,500.9728918,72.18629564,TRUE,7.218629564,B_2024_90_2025,34.0677111,9402.871094,2948.120605,450.029723,332.0134277,399.6323657,399.2558179,23.05505051,23.24545455,24.14166667,24.14166667,33.4,35.9,dry,dry,0.728929639,0.32,5,14,0,NA,4.34,NA,NA,NA,NA,NA,NA
B_2022_61,Mopane,Shingwedzi,-23.12896,31.43464,524,Basalt,2022,7-Jul-22,7-Jul-22,DCA,male,adult,20-Aug-25,1140,carcass,partial,S,25,5.8,Mopane_25_S,41.92524813,37.14697259,0.203815053,-1.490904825,10,10,10,10,10,10,419.2524813,72.28491057,TRUE,7.228491057,B_2022_61_2025,524.4575113,1548.173096,2296.010254,373.3621478,400.0614641,348.7654159,409.5820091,23.62474747,23.18636364,23.85909091,27.2625,34.4,37.7,dry,dry,2.247267796,4.82,4.72,87,5,NA,0.8,NA,0.12,NA,NA,NA,NA
B_2024_90,Ntokozo,Letaba,-23.92952,31.49867,34,Granite,2024,5/6/2025,5/6/2024,Management,Female,adult,19-Jun-25,409,carcass,partial,W,25,5.98,Ntokozo_25_W,43.61978517,37.51078942,0.53188563,0.237513947,10,10,10,10,10,10,436.1978517,72.94278457,TRUE,7.294278457,B_2024_90_2025,34.0677111,9402.871094,2948.120605,450.029723,332.0134277,399.6323657,399.2558179,23.05505051,23.24545455,24.14166667,24.14166667,33.4,35.9,dry,dry,0.728929639,0.32,5,14,0,NA,4.34,NA,NA,NA,NA,NA,NA
B_2022_37,Nhlanganini,Letaba,-23.86795,31.54198,139,Basalt,2022,4-May-22,28-Apr-22,Natural,male,adult,29-Jul-25,1188,carcass,partial,S,15,8.31,Nhlanganini_15_S,61.62279832,45.64282201,0.308805671,-0.001573153,10,10,10,10,10,10,616.2279832,74.15499196,TRUE,7.415499196,B_2022_37_2025,139.2737201,4837.447266,8105.197266,416.4311916,411.3091843,464.5164974,376.0561886,23.71111111,23.40909091,23.73181818,25.65,34.8,37.1,dry,dry,1.00585924,68.81,3.777777778,24,14,0.02,NA,NA,NA,NA,NA,NA,NA
B_2022_61,Mopane,Shingwedzi,-23.12896,31.43464,524,Basalt,2022,7-Jul-22,7-Jul-22,DCA,male,adult,20-Aug-25,1140,carcass,partial,W,19.2,4.73,Mopane_19.2_W,35.22486132,33.90516442,0.247384832,-0.789578661,10,10,10,10,10,10,352.2486132,74.47116558,TRUE,7.447116558,B_2022_61_2025,524.4575113,1548.173096,2296.010254,373.3621478,400.0614641,348.7654159,409.5820091,23.62474747,23.18636364,23.85909091,27.2625,34.4,37.7,dry,dry,2.247267796,4.82,4.72,87,5,NA,0.8,NA,0.12,NA,NA,NA,NA
B_2023_66,Machalolo,Letaba,-23.81536,31.49551,1200,Basalt,2023,16-Jul-23,16-Jul-23,Management,female,adult,6-Aug-25,752,carcass,partial,S,23,4.74,Machalolo_23_S,35.33144289,30.39289508,0.308876222,0.00882685,10,10,10,10,10,10,353.3144289,74.53890905,TRUE,7.453890905,B_2023_66_2025,1200.249433,4883.600586,7517.097656,426.8250235,473.4461799,275.8268936,383.5587597,23.37676768,23.72727273,23.7,26.475,33.6,36.7,dry,dry,1.177746579,0.34,5,70,0,0.06,0.08,NA,0.08,NA,NA,NA,NA
B_2022_37,Nhlanganini,Letaba,-23.86795,31.54198,139,Basalt,2022,4-May-22,28-Apr-22,Natural,male,adult,29-Jul-25,1188,carcass,partial,E,2.5,3.14,Nhlanganini_2.5_E,23.59433012,27.08106622,0.330453395,0.032743324,10,10,9,9,10,10,235.9433012,75.14117871,TRUE,7.514117871,B_2022_37_2025,139.2737201,4837.447266,8105.197266,416.4311916,411.3091843,464.5164974,376.0561886,23.71111111,23.40909091,23.73181818,25.65,34.8,37.1,dry,dry,1.00585924,68.81,3.777777778,24,14,0.02,NA,NA,NA,NA,NA,NA,NA
B_2021_49,Ntshivana,Mooiplaas,-23.32766,31.5426,169,Granite,2021,10-Jul-21,7-Jul-21,Natural,female,adult,14-Aug-25,1499,carcass,partial,N,4.8,3.66,Ntshivana_4.8_N,27.66618754,32.91325906,0.443557379,0.16732166,10,10,10,10,10,10,276.6618754,75.59067633,TRUE,7.559067633,B_2021_49_2025,168.9993396,8214.838867,2959.027832,416.8094176,536.7172086,445.9968957,431.1295652,23.77171717,23.22272727,23.34545455,26.95,34.2,37.3,dry,dry,1.059971921,0.62,4.833333333,17,1,0.06,1.9,NA,0.18,NA,NA,NA,NA
B_2022_61,Mopane,Shingwedzi,-23.12896,31.43464,524,Basalt,2022,7-Jul-22,7-Jul-22,DCA,male,adult,20-Aug-25,1140,carcass,partial,N,10,4.7,Mopane_10_N,35.57876761,37.35032148,0.335825,-0.328643449,10,10,10,10,10,10,355.7876761,75.69950556,TRUE,7.569950556,B_2022_61_2025,524.4575113,1548.173096,2296.010254,373.3621478,400.0614641,348.7654159,409.5820091,23.62474747,23.18636364,23.85909091,27.2625,34.4,37.7,dry,dry,2.247267796,4.82,4.72,87,5,NA,0.8,NA,0.12,NA,NA,NA,NA
B_2022_37,Nhlanganini,Letaba,-23.86795,31.54198,139,Basalt,2022,4-May-22,28-Apr-22,Natural,male,adult,29-Jul-25,1188,carcass,partial,N,10,3.26,Nhlanganini_10_N,24.72254184,25.24651575,0.409254374,0.254508782,10,10,10,10,10,10,247.2254184,75.8360179,TRUE,7.58360179,B_2022_37_2025,139.2737201,4837.447266,8105.197266,416.4311916,411.3091843,464.5164974,376.0561886,23.71111111,23.40909091,23.73181818,25.65,34.8,37.1,dry,dry,1.00585924,68.81,3.777777778,24,14,0.02,NA,NA,NA,NA,NA,NA,NA
B_2024_90,Ntokozo,Letaba,-23.92952,31.49867,34,Granite,2024,5/6/2025,5/6/2024,Management,Female,adult,19-Jun-25,409,carcass,partial,S,15,7.32,Ntokozo_15_S,55.51217725,43.71117336,0.40140003,0.289770734,10,10,10,10,10,10,555.1217725,75.83630772,TRUE,7.583630772,B_2024_90_2025,34.0677111,9402.871094,2948.120605,450.029723,332.0134277,399.6323657,399.2558179,23.05505051,23.24545455,24.14166667,24.14166667,33.4,35.9,dry,dry,0.728929639,0.32,5,14,0,NA,4.34,NA,NA,NA,NA,NA,NA
B_2024_90,Ntokozo,Letaba,-23.92952,31.49867,34,Granite,2024,5/6/2025,5/6/2024,Management,Female,adult,19-Jun-25,409,carcass,partial,S,10,6.06,Ntokozo_10_S,46.00279628,40.80901296,0.327408306,0.053875335,10,10,10,10,10,10,460.0279628,75.91220509,TRUE,7.591220509,B_2024_90_2025,34.0677111,9402.871094,2948.120605,450.029723,332.0134277,399.6323657,399.2558179,23.05505051,23.24545455,24.14166667,24.14166667,33.4,35.9,dry,dry,0.728929639,0.32,5,14,0,NA,4.34,NA,NA,NA,NA,NA,NA
B_2022_61,Mopane,Shingwedzi,-23.12896,31.43464,524,Basalt,2022,7-Jul-22,7-Jul-22,DCA,male,adult,20-Aug-25,1140,carcass,partial,N,2.5,4.19,Mopane_2.5_N,32.44860837,33.97729863,0.449931517,0.090322444,10,10,2,2,10,10,324.4860837,77.44297939,TRUE,7.744297939,B_2022_61_2025,524.4575113,1548.173096,2296.010254,373.3621478,400.0614641,348.7654159,409.5820091,23.62474747,23.18636364,23.85909091,27.2625,34.4,37.7,dry,dry,2.247267796,4.82,4.72,87,5,NA,0.8,NA,0.12,NA,NA,NA,NA
B_2022_61,Mopane,Shingwedzi,-23.12896,31.43464,524,Basalt,2022,7-Jul-22,7-Jul-22,DCA,male,adult,20-Aug-25,1140,carcass,partial,E,4.1,4.66,Mopane_4.1_E,36.2361629,36.35290449,0.305461355,-0.75046421,10,10,10,10,10,10,362.361629,77.76000623,TRUE,7.776000623,B_2022_61_2025,524.4575113,1548.173096,2296.010254,373.3621478,400.0614641,348.7654159,409.5820091,23.62474747,23.18636364,23.85909091,27.2625,34.4,37.7,dry,dry,2.247267796,4.82,4.72,87,5,NA,0.8,NA,0.12,NA,NA,NA,NA
B_2021_49,Ntshivana,Mooiplaas,-23.32766,31.5426,169,Granite,2021,10-Jul-21,7-Jul-21,Natural,female,adult,14-Aug-25,1499,carcass,partial,N,2.5,3.65,Ntshivana_2.5_N,28.38616398,29.70447205,0.459017703,0.167566307,10,10,10,10,10,10,283.8616398,77.77031228,TRUE,7.777031228,B_2021_49_2025,168.9993396,8214.838867,2959.027832,416.8094176,536.7172086,445.9968957,431.1295652,23.77171717,23.22272727,23.34545455,26.95,34.2,37.3,dry,dry,1.059971921,0.62,4.833333333,17,1,0.06,1.9,NA,0.18,NA,NA,NA,NA
B_2022_61,Mopane,Shingwedzi,-23.12896,31.43464,524,Basalt,2022,7-Jul-22,7-Jul-22,DCA,male,adult,20-Aug-25,1140,carcass,partial,W,13.5,4.7,Mopane_13.5_W,36.64814206,30.38055596,0.311696988,-0.327266798,10,10,10,10,10,10,366.4814206,77.97477035,TRUE,7.797477035,B_2022_61_2025,524.4575113,1548.173096,2296.010254,373.3621478,400.0614641,348.7654159,409.5820091,23.62474747,23.18636364,23.85909091,27.2625,34.4,37.7,dry,dry,2.247267796,4.82,4.72,87,5,NA,0.8,NA,0.12,NA,NA,NA,NA
B_2024_90,Ntokozo,Letaba,-23.92952,31.49867,34,Granite,2024,5/6/2025,5/6/2024,Management,Female,adult,19-Jun-25,409,carcass,partial,E,10,4.02,Ntokozo_10_E,31.87852782,35.41703053,0.502408626,0.229587728,10,10,10,10,10,10,318.7852782,79.29982044,TRUE,7.929982044,B_2024_90_2025,34.0677111,9402.871094,2948.120605,450.029723,332.0134277,399.6323657,399.2558179,23.05505051,23.24545455,24.14166667,24.14166667,33.4,35.9,dry,dry,0.728929639,0.32,5,14,0,NA,4.34,NA,NA,NA,NA,NA,NA
B_2022_37,Nhlanganini,Letaba,-23.86795,31.54198,139,Basalt,2022,4-May-22,28-Apr-22,Natural,male,adult,29-Jul-25,1188,carcass,partial,E,10,5.63,Nhlanganini_10_E,45.19989067,35.44119528,0.416597228,0.141544466,10,10,10,10,10,10,451.9989067,80.28399764,TRUE,8.028399764,B_2022_37_2025,139.2737201,4837.447266,8105.197266,416.4311916,411.3091843,464.5164974,376.0561886,23.71111111,23.40909091,23.73181818,25.65,34.8,37.1,dry,dry,1.00585924,68.81,3.777777778,24,14,0.02,NA,NA,NA,NA,NA,NA,NA
B_2024_90,Ntokozo,Letaba,-23.92952,31.49867,34,Granite,2024,5/6/2025,5/6/2024,Management,Female,adult,19-Jun-25,409,carcass,partial,E,5,4.06,Ntokozo_5_E,33.20689854,32.9215747,0.568983973,0.267007295,10,10,10,10,10,10,332.0689854,81.79039049,TRUE,8.179039049,B_2024_90_2025,34.0677111,9402.871094,2948.120605,450.029723,332.0134277,399.6323657,399.2558179,23.05505051,23.24545455,24.14166667,24.14166667,33.4,35.9,dry,dry,0.728929639,0.32,5,14,0,NA,4.34,NA,NA,NA,NA,NA,NA
B_2022_64,Outpost,Pafuri,-22.39239,31.1586683,405,Granite,2022,22-Jul-22,18-Jul-22,Fighting,female,adult,26-Aug-25,1135,carcass,partial,N,24,3.34,Outpost_24_N,27.41603406,29.43467339,0.161409226,0.003069351,10,10,10,10,10,10,274.1603406,82.08393431,TRUE,8.208393431,B_2022_64_2025,NA,NA,NA,NA,NA,NA,NA,NA,NA,NA,NA,NA,NA,NA,NA,NA,NA,NA,NA,NA,NA,NA,NA,NA,NA,NA,NA,NA
B_2024_90,Ntokozo,Letaba,-23.92952,31.49867,34,Granite,2024,5/6/2025,5/6/2024,Management,Female,adult,19-Jun-25,409,carcass,partial,N,10,7.83,Ntokozo_10_N,64.7578919,46.37295963,0.502561703,0.238472263,10,10,10,10,10,10,647.578919,82.70484279,TRUE,8.270484279,B_2024_90_2025,34.0677111,9402.871094,2948.120605,450.029723,332.0134277,399.6323657,399.2558179,23.05505051,23.24545455,24.14166667,24.14166667,33.4,35.9,dry,dry,0.728929639,0.32,5,14,0,NA,4.34,NA,NA,NA,NA,NA,NA
B_2022_61,Mopane,Shingwedzi,-23.12896,31.43464,524,Basalt,2022,7-Jul-22,7-Jul-22,DCA,male,adult,20-Aug-25,1140,carcass,partial,W,2.5,3.9,Mopane_2.5_W,33.0032111,34.24299583,0.380281814,-0.103822796,10,10,10,10,10,10,330.032111,84.6236182,TRUE,8.46236182,B_2022_61_2025,524.4575113,1548.173096,2296.010254,373.3621478,400.0614641,348.7654159,409.5820091,23.62474747,23.18636364,23.85909091,27.2625,34.4,37.7,dry,dry,2.247267796,4.82,4.72,87,5,NA,0.8,NA,0.12,NA,NA,NA,NA
B_2022_37,Nhlanganini,Letaba,-23.86795,31.54198,139,Basalt,2022,4-May-22,28-Apr-22,Natural,male,adult,29-Jul-25,1188,carcass,partial,W,2.5,6.01,Nhlanganini_2.5_W,52.54117818,42.3787961,0.375267071,0.141445341,10,10,10,10,10,10,525.4117818,87.42292542,TRUE,8.742292542,B_2022_37_2025,139.2737201,4837.447266,8105.197266,416.4311916,411.3091843,464.5164974,376.0561886,23.71111111,23.40909091,23.73181818,25.65,34.8,37.1,dry,dry,1.00585924,68.81,3.777777778,24,14,0.02,NA,NA,NA,NA,NA,NA,NA
B_2022_61,Mopane,Shingwedzi,-23.12896,31.43464,524,Basalt,2022,7-Jul-22,7-Jul-22,DCA,male,adult,20-Aug-25,1140,carcass,partial,S,15.9,4.3,Mopane_15.9_S,37.96096064,36.37512325,0.420023404,0.059944181,10,10,9,9,10,10,379.6096064,88.28130381,TRUE,8.828130381,B_2022_61_2025,524.4575113,1548.173096,2296.010254,373.3621478,400.0614641,348.7654159,409.5820091,23.62474747,23.18636364,23.85909091,27.2625,34.4,37.7,dry,dry,2.247267796,4.82,4.72,87,5,NA,0.8,NA,0.12,NA,NA,NA,NA
B_2022_61,Mopane,Shingwedzi,-23.12896,31.43464,524,Basalt,2022,7-Jul-22,7-Jul-22,DCA,male,adult,20-Aug-25,1140,carcass,partial,S,4.8,6.24,Mopane_4.8_S,56.74790468,43.81236271,0.307106417,-0.273539618,10,10,10,10,10,10,567.4790468,90.94215494,TRUE,9.094215494,B_2022_61_2025,524.4575113,1548.173096,2296.010254,373.3621478,400.0614641,348.7654159,409.5820091,23.62474747,23.18636364,23.85909091,27.2625,34.4,37.7,dry,dry,2.247267796,4.82,4.72,87,5,NA,0.8,NA,0.12,NA,NA,NA,NA
B_2023_66,Machalolo,Letaba,-23.81536,31.49551,1200,Basalt,2023,16-Jul-23,16-Jul-23,Management,female,adult,6-Aug-25,752,carcass,partial,N,8,5.65,Machalolo_8_N,NA,NA,NA,NA,NA,NA,NA,NA,NA,NA,NA,NA,FALSE,NA,B_2023_66_2025,1200.249433,4883.600586,7517.097656,426.8250235,473.4461799,275.8268936,383.5587597,23.37676768,23.72727273,23.7,26.475,33.6,36.7,dry,dry,1.177746579,0.34,5,70,0,0.06,0.08,NA,0.08,NA,NA,NA,NA
B_2023_66,Machalolo,Letaba,-23.81536,31.49551,1200,Basalt,2023,16-Jul-23,16-Jul-23,Management,female,adult,6-Aug-25,752,carcass,partial,N,15.2,3.45,Machalolo_15.2_N,NA,NA,NA,NA,NA,NA,NA,NA,NA,NA,NA,NA,FALSE,NA,B_2023_66_2025,1200.249433,4883.600586,7517.097656,426.8250235,473.4461799,275.8268936,383.5587597,23.37676768,23.72727273,23.7,26.475,33.6,36.7,dry,dry,1.177746579,0.34,5,70,0,0.06,0.08,NA,0.08,NA,NA,NA,NA
B_2023_66,Machalolo,Letaba,-23.81536,31.49551,1200,Basalt,2023,16-Jul-23,16-Jul-23,Management,female,adult,6-Aug-25,752,carcass,partial,S,15,3.62,Machalolo_15_S,NA,NA,NA,NA,NA,NA,NA,NA,NA,NA,NA,NA,FALSE,NA,B_2023_66_2025,1200.249433,4883.600586,7517.097656,426.8250235,473.4461799,275.8268936,383.5587597,23.37676768,23.72727273,23.7,26.475,33.6,36.7,dry,dry,1.177746579,0.34,5,70,0,0.06,0.08,NA,0.08,NA,NA,NA,NA
B_2023_66,Machalolo,Letaba,-23.81536,31.49551,1200,Basalt,2023,16-Jul-23,16-Jul-23,Management,female,adult,6-Aug-25,752,carcass,partial,S,12,8.44,Machalolo_12_S,NA,NA,NA,NA,NA,NA,NA,NA,NA,NA,NA,NA,FALSE,NA,B_2023_66_2025,1200.249433,4883.600586,7517.097656,426.8250235,473.4461799,275.8268936,383.5587597,23.37676768,23.72727273,23.7,26.475,33.6,36.7,dry,dry,1.177746579,0.34,5,70,0,0.06,0.08,NA,0.08,NA,NA,NA,NA
B_2023_66,Machalolo,Letaba,-23.81536,31.49551,1200,Basalt,2023,16-Jul-23,16-Jul-23,Management,female,adult,6-Aug-25,752,carcass,partial,E,10,7.69,Machalolo_10_E,NA,NA,NA,NA,NA,NA,NA,NA,NA,NA,NA,NA,FALSE,NA,B_2023_66_2025,1200.249433,4883.600586,7517.097656,426.8250235,473.4461799,275.8268936,383.5587597,23.37676768,23.72727273,23.7,26.475,33.6,36.7,dry,dry,1.177746579,0.34,5,70,0,0.06,0.08,NA,0.08,NA,NA,NA,NA
B_2023_66,Machalolo,Letaba,-23.81536,31.49551,1200,Basalt,2023,16-Jul-23,16-Jul-23,Management,female,adult,6-Aug-25,752,carcass,partial,W,3,5.3,Machalolo_3_W,NA,NA,NA,NA,NA,NA,NA,NA,NA,NA,NA,NA,FALSE,NA,B_2023_66_2025,1200.249433,4883.600586,7517.097656,426.8250235,473.4461799,275.8268936,383.5587597,23.37676768,23.72727273,23.7,26.475,33.6,36.7,dry,dry,1.177746579,0.34,5,70,0,0.06,0.08,NA,0.08,NA,NA,NA,NA
B_2023_66,Machalolo,Letaba,-23.81536,31.49551,1200,Basalt,2023,16-Jul-23,16-Jul-23,Management,female,adult,6-Aug-25,752,carcass,partial,W,5,3.61,Machalolo_5_W,NA,NA,NA,NA,NA,NA,NA,NA,NA,NA,NA,NA,FALSE,NA,B_2023_66_2025,1200.249433,4883.600586,7517.097656,426.8250235,473.4461799,275.8268936,383.5587597,23.37676768,23.72727273,23.7,26.475,33.6,36.7,dry,dry,1.177746579,0.34,5,70,0,0.06,0.08,NA,0.08,NA,NA,NA,NA
B_2023_66,Machalolo,Letaba,-23.81536,31.49551,1200,Basalt,2023,16-Jul-23,16-Jul-23,Management,female,adult,6-Aug-25,752,carcass,partial,W,14,5.07,Machalolo_14_W,NA,NA,NA,NA,NA,NA,NA,NA,NA,NA,NA,NA,FALSE,NA,B_2023_66_2025,1200.249433,4883.600586,7517.097656,426.8250235,473.4461799,275.8268936,383.5587597,23.37676768,23.72727273,23.7,26.475,33.6,36.7,dry,dry,1.177746579,0.34,5,70,0,0.06,0.08,NA,0.08,NA,NA,NA,NA
B_2024_121,Masorini,Phalaborwa,-23.86585,31.285,379,Granite,2024,2/18/2024,2/18/2024,Management,female,adult,30-Jul-25,528,carcass,partial,S,10,7.18,Masorini_10_S,NA,NA,NA,NA,NA,NA,NA,NA,NA,NA,NA,NA,FALSE,NA,B_2024_121_2025,378.9350086,15239.87012,3607.491455,414.1493912,218.2512126,423.6923668,378.8521454,23.12323232,23.37727273,23.18888889,24.94,33.5,35.9,late_wet,dry,0.541126807,0.92,5,0,0,0.06,0.42,NA,NA,NA,NA,NA,NA
B_2022_33,Msinya,Shangoni,-23.06978,30.91227,1090,Granite,2022,4-Apr-23,9-Apr-22,Poached,male,adult,18-Aug-25,1227,carcass,full,N,3.5,22.29,Msinya_3.5_N,30.14396454,29.7534167,0.451318321,0.219667623,10,10,10,10,10,10,301.4396454,NA,FALSE,NA,B_2022_33_2025,1089.562752,2585.275391,6672.101074,415.9791191,361.1855645,384.218508,540.3760989,22.95505051,22.53181818,23.08636364,26.125,32.8,36.1,dry,dry,0.353323974,54.33,3.302325581,16,27,0,NA,NA,NA,NA,NA,NA,NA
B_2022_33,Msinya,Shangoni,-23.06978,30.91227,1090,Granite,2022,4-Apr-23,9-Apr-22,Poached,male,adult,18-Aug-25,1227,carcass,full,N,5.6,17,Msinya_5.6_N,28.98532253,31.23558995,0.648338343,0.329186801,10,10,10,10,10,10,289.8532253,NA,FALSE,NA,B_2022_33_2025,1089.562752,2585.275391,6672.101074,415.9791191,361.1855645,384.218508,540.3760989,22.95505051,22.53181818,23.08636364,26.125,32.8,36.1,dry,dry,0.353323974,54.33,3.302325581,16,27,0,NA,NA,NA,NA,NA,NA,NA
B_2022_33,Msinya,Shangoni,-23.06978,30.91227,1090,Granite,2022,4-Apr-23,9-Apr-22,Poached,male,adult,18-Aug-25,1227,carcass,full,N,10.5,27.29,Msinya_10.5_N,58.26404661,41.90424289,0.64395747,0.148741022,10,10,10,10,10,10,582.6404661,NA,FALSE,NA,B_2022_33_2025,1089.562752,2585.275391,6672.101074,415.9791191,361.1855645,384.218508,540.3760989,22.95505051,22.53181818,23.08636364,26.125,32.8,36.1,dry,dry,0.353323974,54.33,3.302325581,16,27,0,NA,NA,NA,NA,NA,NA,NA
B_2022_33,Msinya,Shangoni,-23.06978,30.91227,1090,Granite,2022,4-Apr-23,9-Apr-22,Poached,male,adult,18-Aug-25,1227,carcass,full,N,15,22.93,Msinya_15_N,36.67596106,34.52545794,0.482505625,0.209957586,10,10,10,10,10,10,366.7596106,NA,FALSE,NA,B_2022_33_2025,1089.562752,2585.275391,6672.101074,415.9791191,361.1855645,384.218508,540.3760989,22.95505051,22.53181818,23.08636364,26.125,32.8,36.1,dry,dry,0.353323974,54.33,3.302325581,16,27,0,NA,NA,NA,NA,NA,NA,NA
B_2022_33,Msinya,Shangoni,-23.06978,30.91227,1090,Granite,2022,4-Apr-23,9-Apr-22,Poached,male,adult,18-Aug-25,1227,carcass,full,N,25,40.03,Msinya_25_N,43.10832387,39.1499564,0.532070653,0.215260671,10,10,10,10,10,10,431.0832387,NA,FALSE,NA,B_2022_33_2025,1089.562752,2585.275391,6672.101074,415.9791191,361.1855645,384.218508,540.3760989,22.95505051,22.53181818,23.08636364,26.125,32.8,36.1,dry,dry,0.353323974,54.33,3.302325581,16,27,0,NA,NA,NA,NA,NA,NA,NA
B_2022_33,Msinya,Shangoni,-23.06978,30.91227,1090,Granite,2022,4-Apr-23,9-Apr-22,Poached,male,adult,18-Aug-25,1227,carcass,full,S,2.5,20.53,Msinya_2.5_S,33.13489779,31.44407407,0.574737474,0.977047073,10,10,10,10,10,10,331.3489779,NA,FALSE,NA,B_2022_33_2025,1089.562752,2585.275391,6672.101074,415.9791191,361.1855645,384.218508,540.3760989,22.95505051,22.53181818,23.08636364,26.125,32.8,36.1,dry,dry,0.353323974,54.33,3.302325581,16,27,0,NA,NA,NA,NA,NA,NA,NA
B_2022_33,Msinya,Shangoni,-23.06978,30.91227,1090,Granite,2022,4-Apr-23,9-Apr-22,Poached,male,adult,18-Aug-25,1227,carcass,full,S,5,22.97,Msinya_5_S,37.8448694,36.53991999,0.604535123,0.191598089,10,10,10,10,10,10,378.448694,NA,FALSE,NA,B_2022_33_2025,1089.562752,2585.275391,6672.101074,415.9791191,361.1855645,384.218508,540.3760989,22.95505051,22.53181818,23.08636364,26.125,32.8,36.1,dry,dry,0.353323974,54.33,3.302325581,16,27,0,NA,NA,NA,NA,NA,NA,NA
B_2022_33,Msinya,Shangoni,-23.06978,30.91227,1090,Granite,2022,4-Apr-23,9-Apr-22,Poached,male,adult,18-Aug-25,1227,carcass,full,S,9.5,21.05,Msinya_9.5_S,42.43718762,38.28705132,0.673832281,0.212251681,10,10,10,10,10,10,424.3718762,NA,FALSE,NA,B_2022_33_2025,1089.562752,2585.275391,6672.101074,415.9791191,361.1855645,384.218508,540.3760989,22.95505051,22.53181818,23.08636364,26.125,32.8,36.1,dry,dry,0.353323974,54.33,3.302325581,16,27,0,NA,NA,NA,NA,NA,NA,NA
B_2022_33,Msinya,Shangoni,-23.06978,30.91227,1090,Granite,2022,4-Apr-23,9-Apr-22,Poached,male,adult,18-Aug-25,1227,carcass,full,S,15,30.4,Msinya_15_S,27.36058371,33.15013693,0.477579479,0.207057853,10,10,10,10,10,10,273.6058371,NA,FALSE,NA,B_2022_33_2025,1089.562752,2585.275391,6672.101074,415.9791191,361.1855645,384.218508,540.3760989,22.95505051,22.53181818,23.08636364,26.125,32.8,36.1,dry,dry,0.353323974,54.33,3.302325581,16,27,0,NA,NA,NA,NA,NA,NA,NA
B_2022_33,Msinya,Shangoni,-23.06978,30.91227,1090,Granite,2022,4-Apr-23,9-Apr-22,Poached,male,adult,18-Aug-25,1227,carcass,full,S,23,27.26,Msinya_23_S,43.04935019,37.68627942,0.506193037,0.214419672,10,10,10,10,10,10,430.4935019,NA,FALSE,NA,B_2022_33_2025,1089.562752,2585.275391,6672.101074,415.9791191,361.1855645,384.218508,540.3760989,22.95505051,22.53181818,23.08636364,26.125,32.8,36.1,dry,dry,0.353323974,54.33,3.302325581,16,27,0,NA,NA,NA,NA,NA,NA,NA
B_2022_33,Msinya,Shangoni,-23.06978,30.91227,1090,Granite,2022,4-Apr-23,9-Apr-22,Poached,male,adult,18-Aug-25,1227,carcass,full,E,2.5,18.44,Msinya_2.5_E,31.25985287,34.7559564,0.452556587,0.147487299,10,10,10,10,10,10,312.5985287,NA,FALSE,NA,B_2022_33_2025,1089.562752,2585.275391,6672.101074,415.9791191,361.1855645,384.218508,540.3760989,22.95505051,22.53181818,23.08636364,26.125,32.8,36.1,dry,dry,0.353323974,54.33,3.302325581,16,27,0,NA,NA,NA,NA,NA,NA,NA
B_2022_33,Msinya,Shangoni,-23.06978,30.91227,1090,Granite,2022,4-Apr-23,9-Apr-22,Poached,male,adult,18-Aug-25,1227,carcass,full,E,5.5,19.86,Msinya_5.5_E,35.50507251,34.05388671,0.45613545,0.128681238,10,10,10,10,10,10,355.0507251,NA,FALSE,NA,B_2022_33_2025,1089.562752,2585.275391,6672.101074,415.9791191,361.1855645,384.218508,540.3760989,22.95505051,22.53181818,23.08636364,26.125,32.8,36.1,dry,dry,0.353323974,54.33,3.302325581,16,27,0,NA,NA,NA,NA,NA,NA,NA
B_2022_33,Msinya,Shangoni,-23.06978,30.91227,1090,Granite,2022,4-Apr-23,9-Apr-22,Poached,male,adult,18-Aug-25,1227,carcass,full,E,10.3,26.05,Msinya_10.3_E,40.2416573,36.4338631,0.591692814,0.17519934,10,10,10,10,10,10,402.416573,NA,FALSE,NA,B_2022_33_2025,1089.562752,2585.275391,6672.101074,415.9791191,361.1855645,384.218508,540.3760989,22.95505051,22.53181818,23.08636364,26.125,32.8,36.1,dry,dry,0.353323974,54.33,3.302325581,16,27,0,NA,NA,NA,NA,NA,NA,NA
B_2022_33,Msinya,Shangoni,-23.06978,30.91227,1090,Granite,2022,4-Apr-23,9-Apr-22,Poached,male,adult,18-Aug-25,1227,carcass,full,E,15,17.78,Msinya_15_E,NA,NA,NA,NA,NA,NA,NA,NA,NA,NA,NA,NA,FALSE,NA,B_2022_33_2025,1089.562752,2585.275391,6672.101074,415.9791191,361.1855645,384.218508,540.3760989,22.95505051,22.53181818,23.08636364,26.125,32.8,36.1,dry,dry,0.353323974,54.33,3.302325581,16,27,0,NA,NA,NA,NA,NA,NA,NA
B_2022_33,Msinya,Shangoni,-23.06978,30.91227,1090,Granite,2022,4-Apr-23,9-Apr-22,Poached,male,adult,18-Aug-25,1227,carcass,full,E,23.7,26.39,Msinya_23.7_E,33.52731881,32.54695366,0.605143666,0.271097754,10,10,10,10,10,10,335.2731881,NA,FALSE,NA,B_2022_33_2025,1089.562752,2585.275391,6672.101074,415.9791191,361.1855645,384.218508,540.3760989,22.95505051,22.53181818,23.08636364,26.125,32.8,36.1,dry,dry,0.353323974,54.33,3.302325581,16,27,0,NA,NA,NA,NA,NA,NA,NA
B_2022_33,Msinya,Shangoni,-23.06978,30.91227,1090,Granite,2022,4-Apr-23,9-Apr-22,Poached,male,adult,18-Aug-25,1227,carcass,full,W,2.5,20.39,Msinya_2.5_W,36.19231476,35.28555689,0.476052961,0.224146581,10,10,10,10,10,10,361.9231476,NA,FALSE,NA,B_2022_33_2025,1089.562752,2585.275391,6672.101074,415.9791191,361.1855645,384.218508,540.3760989,22.95505051,22.53181818,23.08636364,26.125,32.8,36.1,dry,dry,0.353323974,54.33,3.302325581,16,27,0,NA,NA,NA,NA,NA,NA,NA
B_2022_33,Msinya,Shangoni,-23.06978,30.91227,1090,Granite,2022,4-Apr-23,9-Apr-22,Poached,male,adult,18-Aug-25,1227,carcass,full,W,5,17.53,Msinya_5_W,35.60958511,31.43016336,0.438253484,0.113719358,10,10,10,10,10,10,356.0958511,NA,FALSE,NA,B_2022_33_2025,1089.562752,2585.275391,6672.101074,415.9791191,361.1855645,384.218508,540.3760989,22.95505051,22.53181818,23.08636364,26.125,32.8,36.1,dry,dry,0.353323974,54.33,3.302325581,16,27,0,NA,NA,NA,NA,NA,NA,NA
B_2022_33,Msinya,Shangoni,-23.06978,30.91227,1090,Granite,2022,4-Apr-23,9-Apr-22,Poached,male,adult,18-Aug-25,1227,carcass,full,W,13,26.09,Msinya_13_W,38.48603355,37.5198226,0.586636308,0.261414015,10,10,9,9,10,10,384.8603355,NA,FALSE,NA,B_2022_33_2025,1089.562752,2585.275391,6672.101074,415.9791191,361.1855645,384.218508,540.3760989,22.95505051,22.53181818,23.08636364,26.125,32.8,36.1,dry,dry,0.353323974,54.33,3.302325581,16,27,0,NA,NA,NA,NA,NA,NA,NA
B_2022_33,Msinya,Shangoni,-23.06978,30.91227,1090,Granite,2022,4-Apr-23,9-Apr-22,Poached,male,adult,18-Aug-25,1227,carcass,full,W,15,24.53,Msinya_15_W,36.98605608,36.73703525,0.464445557,0.1773594,10,10,10,10,10,10,369.8605608,NA,FALSE,NA,B_2022_33_2025,1089.562752,2585.275391,6672.101074,415.9791191,361.1855645,384.218508,540.3760989,22.95505051,22.53181818,23.08636364,26.125,32.8,36.1,dry,dry,0.353323974,54.33,3.302325581,16,27,0,NA,NA,NA,NA,NA,NA,NA
B_2022_33,Msinya,Shangoni,-23.06978,30.91227,1090,Granite,2022,4-Apr-23,9-Apr-22,Poached,male,adult,18-Aug-25,1227,carcass,full,W,24,32.99,Msinya_24_W,55.86053022,41.70065797,0.567173615,0.103890405,10,10,10,10,10,10,558.6053022,NA,FALSE,NA,B_2022_33_2025,1089.562752,2585.275391,6672.101074,415.9791191,361.1855645,384.218508,540.3760989,22.95505051,22.53181818,23.08636364,26.125,32.8,36.1,dry,dry,0.353323974,54.33,3.302325581,16,27,0,NA,NA,NA,NA,NA,NA,NA
B_2021_49,Ntshivana,Mooiplaas,-23.32766,31.5426,169,Granite,2021,10-Jul-21,7-Jul-21,Natural,female,adult,14-Aug-25,1499,carcass,partial,S,2.5,4.98,Ntshivana_2.5_S,NA,NA,NA,NA,NA,NA,NA,NA,NA,NA,NA,NA,FALSE,NA,B_2021_49_2025,168.9993396,8214.838867,2959.027832,416.8094176,536.7172086,445.9968957,431.1295652,23.77171717,23.22272727,23.34545455,26.95,34.2,37.3,dry,dry,1.059971921,0.62,4.833333333,17,1,0.06,1.9,NA,0.18,NA,NA,NA,NA
B_2020_107,Nwanetsi,Satara,-24.45488,31.87908,1114,Basalt,2020,27-Dec-20,23-Dec-20,Natural,female,adult,12-Jun-25,1632,carcass,full,N,3.7,23.99,Nwanetsi_3.7_N,38.1936283,37.0650887,0.469054853,0.268423839,10,10,10,10,10,10,381.936283,NA,FALSE,NA,B_2020_107_2025,1113.692624,2793.797852,2802.531738,560.5966357,514.3799787,742.1460314,517.9096079,23.20353535,22.94090909,22.72272727,24.06666667,33.8,35.9,early_wet,dry,0.954929659,0,0,0,0,NA,NA,NA,NA,NA,NA,NA,NA
B_2020_107,Nwanetsi,Satara,-24.45488,31.87908,1114,Basalt,2020,27-Dec-20,23-Dec-20,Natural,female,adult,12-Jun-25,1632,carcass,full,N,7,26.64,Nwanetsi_7_N,42.86352865,38.92792995,0.448493525,0.121902163,10,10,10,10,10,10,428.6352865,NA,FALSE,NA,B_2020_107_2025,1113.692624,2793.797852,2802.531738,560.5966357,514.3799787,742.1460314,517.9096079,23.20353535,22.94090909,22.72272727,24.06666667,33.8,35.9,early_wet,dry,0.954929659,0,0,0,0,NA,NA,NA,NA,NA,NA,NA,NA
B_2020_107,Nwanetsi,Satara,-24.45488,31.87908,1114,Basalt,2020,27-Dec-20,23-Dec-20,Natural,female,adult,12-Jun-25,1632,carcass,full,N,11,33.74,Nwanetsi_11_N,43.21579806,37.18853498,0.516833092,0.184768788,10,10,10,10,10,10,432.1579806,NA,FALSE,NA,B_2020_107_2025,1113.692624,2793.797852,2802.531738,560.5966357,514.3799787,742.1460314,517.9096079,23.20353535,22.94090909,22.72272727,24.06666667,33.8,35.9,early_wet,dry,0.954929659,0,0,0,0,NA,NA,NA,NA,NA,NA,NA,NA
B_2020_107,Nwanetsi,Satara,-24.45488,31.87908,1114,Basalt,2020,27-Dec-20,23-Dec-20,Natural,female,adult,12-Jun-25,1632,carcass,full,N,15,21.59,Nwanetsi_15_N,35.43743647,38.56627599,0.463699004,0.219354438,10,10,10,10,10,10,354.3743647,NA,FALSE,NA,B_2020_107_2025,1113.692624,2793.797852,2802.531738,560.5966357,514.3799787,742.1460314,517.9096079,23.20353535,22.94090909,22.72272727,24.06666667,33.8,35.9,early_wet,dry,0.954929659,0,0,0,0,NA,NA,NA,NA,NA,NA,NA,NA
B_2020_107,Nwanetsi,Satara,-24.45488,31.87908,1114,Basalt,2020,27-Dec-20,23-Dec-20,Natural,female,adult,12-Jun-25,1632,carcass,full,N,22.5,32,Nwanetsi_22.5_N,30.39930821,30.02505758,0.414980614,0.130365275,10,10,10,10,10,10,303.9930821,NA,FALSE,NA,B_2020_107_2025,1113.692624,2793.797852,2802.531738,560.5966357,514.3799787,742.1460314,517.9096079,23.20353535,22.94090909,22.72272727,24.06666667,33.8,35.9,early_wet,dry,0.954929659,0,0,0,0,NA,NA,NA,NA,NA,NA,NA,NA
B_2020_107,Nwanetsi,Satara,-24.45488,31.87908,1114,Basalt,2020,27-Dec-20,23-Dec-20,Natural,female,adult,12-Jun-25,1632,carcass,full,S,3.3,28.05,Nwanetsi_3.3_S,38.11306872,38.30677093,0.355962496,-0.012482207,10,10,10,10,10,10,381.1306872,NA,FALSE,NA,B_2020_107_2025,1113.692624,2793.797852,2802.531738,560.5966357,514.3799787,742.1460314,517.9096079,23.20353535,22.94090909,22.72272727,24.06666667,33.8,35.9,early_wet,dry,0.954929659,0,0,0,0,NA,NA,NA,NA,NA,NA,NA,NA
B_2020_107,Nwanetsi,Satara,-24.45488,31.87908,1114,Basalt,2020,27-Dec-20,23-Dec-20,Natural,female,adult,12-Jun-25,1632,carcass,full,S,6.4,19.83,Nwanetsi_6.4_S,26.1163341,28.96676235,0.572721128,0.273949008,10,10,10,10,10,10,261.163341,NA,FALSE,NA,B_2020_107_2025,1113.692624,2793.797852,2802.531738,560.5966357,514.3799787,742.1460314,517.9096079,23.20353535,22.94090909,22.72272727,24.06666667,33.8,35.9,early_wet,dry,0.954929659,0,0,0,0,NA,NA,NA,NA,NA,NA,NA,NA
B_2020_107,Nwanetsi,Satara,-24.45488,31.87908,1114,Basalt,2020,27-Dec-20,23-Dec-20,Natural,female,adult,12-Jun-25,1632,carcass,full,S,10.5,26.3,Nwanetsi_10.5_S,41.35697578,37.86046047,0.329342857,0.07017977,10,10,10,10,10,10,413.5697578,NA,FALSE,NA,B_2020_107_2025,1113.692624,2793.797852,2802.531738,560.5966357,514.3799787,742.1460314,517.9096079,23.20353535,22.94090909,22.72272727,24.06666667,33.8,35.9,early_wet,dry,0.954929659,0,0,0,0,NA,NA,NA,NA,NA,NA,NA,NA
B_2020_107,Nwanetsi,Satara,-24.45488,31.87908,1114,Basalt,2020,27-Dec-20,23-Dec-20,Natural,female,adult,12-Jun-25,1632,carcass,full,S,15,21.1,Nwanetsi_15_S,23.6511408,27.83050239,0.337511087,0.074120343,10,10,10,10,10,10,236.511408,NA,FALSE,NA,B_2020_107_2025,1113.692624,2793.797852,2802.531738,560.5966357,514.3799787,742.1460314,517.9096079,23.20353535,22.94090909,22.72272727,24.06666667,33.8,35.9,early_wet,dry,0.954929659,0,0,0,0,NA,NA,NA,NA,NA,NA,NA,NA
B_2020_107,Nwanetsi,Satara,-24.45488,31.87908,1114,Basalt,2020,27-Dec-20,23-Dec-20,Natural,female,adult,12-Jun-25,1632,carcass,full,S,23.3,35.26,Nwanetsi_23.3_S,47.654071,41.93642045,0.490503849,0.190153095,10,10,10,10,10,10,476.54071,NA,FALSE,NA,B_2020_107_2025,1113.692624,2793.797852,2802.531738,560.5966357,514.3799787,742.1460314,517.9096079,23.20353535,22.94090909,22.72272727,24.06666667,33.8,35.9,early_wet,dry,0.954929659,0,0,0,0,NA,NA,NA,NA,NA,NA,NA,NA
B_2020_107,Nwanetsi,Satara,-24.45488,31.87908,1114,Basalt,2020,27-Dec-20,23-Dec-20,Natural,female,adult,12-Jun-25,1632,carcass,full,E,2,18.36,Nwanetsi_2_E,NA,NA,NA,NA,NA,NA,NA,NA,NA,NA,NA,NA,FALSE,NA,B_2020_107_2025,1113.692624,2793.797852,2802.531738,560.5966357,514.3799787,742.1460314,517.9096079,23.20353535,22.94090909,22.72272727,24.06666667,33.8,35.9,early_wet,dry,0.954929659,0,0,0,0,NA,NA,NA,NA,NA,NA,NA,NA
B_2020_107,Nwanetsi,Satara,-24.45488,31.87908,1114,Basalt,2020,27-Dec-20,23-Dec-20,Natural,female,adult,12-Jun-25,1632,carcass,full,E,5.8,23.02,Nwanetsi_5.8_E,38.91809492,36.4543773,0.449541703,0.193655002,10,10,10,10,10,10,389.1809492,NA,FALSE,NA,B_2020_107_2025,1113.692624,2793.797852,2802.531738,560.5966357,514.3799787,742.1460314,517.9096079,23.20353535,22.94090909,22.72272727,24.06666667,33.8,35.9,early_wet,dry,0.954929659,0,0,0,0,NA,NA,NA,NA,NA,NA,NA,NA
B_2020_107,Nwanetsi,Satara,-24.45488,31.87908,1114,Basalt,2020,27-Dec-20,23-Dec-20,Natural,female,adult,12-Jun-25,1632,carcass,full,E,10,22.78,Nwanetsi_10_E,39.22363133,34.53308312,0.557484425,0.266701359,10,10,9,9,10,10,392.2363133,NA,FALSE,NA,B_2020_107_2025,1113.692624,2793.797852,2802.531738,560.5966357,514.3799787,742.1460314,517.9096079,23.20353535,22.94090909,22.72272727,24.06666667,33.8,35.9,early_wet,dry,0.954929659,0,0,0,0,NA,NA,NA,NA,NA,NA,NA,NA
B_2020_107,Nwanetsi,Satara,-24.45488,31.87908,1114,Basalt,2020,27-Dec-20,23-Dec-20,Natural,female,adult,12-Jun-25,1632,carcass,full,E,17.4,38.68,Nwanetsi_17.4_E,39.96243952,35.77972408,0.413966954,0.103298039,10,10,10,10,10,10,399.6243952,NA,FALSE,NA,B_2020_107_2025,1113.692624,2793.797852,2802.531738,560.5966357,514.3799787,742.1460314,517.9096079,23.20353535,22.94090909,22.72272727,24.06666667,33.8,35.9,early_wet,dry,0.954929659,0,0,0,0,NA,NA,NA,NA,NA,NA,NA,NA
B_2020_107,Nwanetsi,Satara,-24.45488,31.87908,1114,Basalt,2020,27-Dec-20,23-Dec-20,Natural,female,adult,12-Jun-25,1632,carcass,full,E,25,37.16,Nwanetsi_25_E,22.98874408,29.36273757,0.550649975,0.244376735,10,10,10,10,10,10,229.8874408,NA,FALSE,NA,B_2020_107_2025,1113.692624,2793.797852,2802.531738,560.5966357,514.3799787,742.1460314,517.9096079,23.20353535,22.94090909,22.72272727,24.06666667,33.8,35.9,early_wet,dry,0.954929659,0,0,0,0,NA,NA,NA,NA,NA,NA,NA,NA
B_2020_107,Nwanetsi,Satara,-24.45488,31.87908,1114,Basalt,2020,27-Dec-20,23-Dec-20,Natural,female,adult,12-Jun-25,1632,carcass,full,W,2.5,31.67,Nwanetsi_2.5_W,30.50020849,31.28137166,0.311969452,0.030525145,10,10,10,10,10,10,305.0020849,NA,FALSE,NA,B_2020_107_2025,1113.692624,2793.797852,2802.531738,560.5966357,514.3799787,742.1460314,517.9096079,23.20353535,22.94090909,22.72272727,24.06666667,33.8,35.9,early_wet,dry,0.954929659,0,0,0,0,NA,NA,NA,NA,NA,NA,NA,NA
B_2020_107,Nwanetsi,Satara,-24.45488,31.87908,1114,Basalt,2020,27-Dec-20,23-Dec-20,Natural,female,adult,12-Jun-25,1632,carcass,full,W,6,23.13,Nwanetsi_6_W,NA,NA,NA,NA,NA,NA,NA,NA,NA,NA,NA,NA,FALSE,NA,B_2020_107_2025,1113.692624,2793.797852,2802.531738,560.5966357,514.3799787,742.1460314,517.9096079,23.20353535,22.94090909,22.72272727,24.06666667,33.8,35.9,early_wet,dry,0.954929659,0,0,0,0,NA,NA,NA,NA,NA,NA,NA,NA
B_2020_107,Nwanetsi,Satara,-24.45488,31.87908,1114,Basalt,2020,27-Dec-20,23-Dec-20,Natural,female,adult,12-Jun-25,1632,carcass,full,W,13,28.86,Nwanetsi_13_W,32.00379865,35.97882781,0.438294818,0.183174256,10,10,10,10,10,10,320.0379865,NA,FALSE,NA,B_2020_107_2025,1113.692624,2793.797852,2802.531738,560.5966357,514.3799787,742.1460314,517.9096079,23.20353535,22.94090909,22.72272727,24.06666667,33.8,35.9,early_wet,dry,0.954929659,0,0,0,0,NA,NA,NA,NA,NA,NA,NA,NA
B_2020_107,Nwanetsi,Satara,-24.45488,31.87908,1114,Basalt,2020,27-Dec-20,23-Dec-20,Natural,female,adult,12-Jun-25,1632,carcass,full,W,15,14.9,Nwanetsi_15_W,29.85355572,31.62417234,0.374704085,0.126101729,10,10,10,10,10,10,298.5355572,NA,FALSE,NA,B_2020_107_2025,1113.692624,2793.797852,2802.531738,560.5966357,514.3799787,742.1460314,517.9096079,23.20353535,22.94090909,22.72272727,24.06666667,33.8,35.9,early_wet,dry,0.954929659,0,0,0,0,NA,NA,NA,NA,NA,NA,NA,NA
B_2020_107,Nwanetsi,Satara,-24.45488,31.87908,1114,Basalt,2020,27-Dec-20,23-Dec-20,Natural,female,adult,12-Jun-25,1632,carcass,full,W,24.2,16.51,Nwanetsi_24.2_W,38.33694548,34.75690567,0.437217084,0.132094055,10,10,10,10,10,10,383.3694548,NA,FALSE,NA,B_2020_107_2025,1113.692624,2793.797852,2802.531738,560.5966357,514.3799787,742.1460314,517.9096079,23.20353535,22.94090909,22.72272727,24.06666667,33.8,35.9,early_wet,dry,0.954929659,0,0,0,0,NA,NA,NA,NA,NA,NA,NA,NA
B_2022_64,Outpost,Pafuri,-22.39239,31.1586683,405,Granite,2022,22-Jul-22,18-Jul-22,Fighting,female,adult,26-Aug-25,1135,carcass,partial,N,15,5.48,Outpost_15_N,NA,NA,NA,NA,NA,NA,NA,NA,NA,NA,NA,NA,FALSE,NA,B_2022_64_2025,NA,NA,NA,NA,NA,NA,NA,NA,NA,NA,NA,NA,NA,NA,NA,NA,NA,NA,NA,NA,NA,NA,NA,NA,NA,NA,NA,NA
B_2022_64,Outpost,Pafuri,-22.39239,31.1586683,405,Granite,2022,22-Jul-22,18-Jul-22,Fighting,female,adult,26-Aug-25,1135,carcass,partial,S,2,6.51,Outpost_2_S,NA,NA,NA,NA,NA,NA,NA,NA,NA,NA,NA,NA,FALSE,NA,B_2022_64_2025,NA,NA,NA,NA,NA,NA,NA,NA,NA,NA,NA,NA,NA,NA,NA,NA,NA,NA,NA,NA,NA,NA,NA,NA,NA,NA,NA,NA
B_2022_64,Outpost,Pafuri,-22.39239,31.1586683,405,Granite,2022,22-Jul-22,18-Jul-22,Fighting,female,adult,26-Aug-25,1135,carcass,partial,S,4.4,7.76,Outpost_4.4_S,NA,NA,NA,NA,NA,NA,NA,NA,NA,NA,NA,NA,FALSE,NA,B_2022_64_2025,NA,NA,NA,NA,NA,NA,NA,NA,NA,NA,NA,NA,NA,NA,NA,NA,NA,NA,NA,NA,NA,NA,NA,NA,NA,NA,NA,NA
B_2022_64,Outpost,Pafuri,-22.39239,31.1586683,405,Granite,2022,22-Jul-22,18-Jul-22,Fighting,female,adult,26-Aug-25,1135,carcass,partial,S,10.7,6.97,Outpost_10.7_S,NA,NA,NA,NA,NA,NA,NA,NA,NA,NA,NA,NA,FALSE,NA,B_2022_64_2025,NA,NA,NA,NA,NA,NA,NA,NA,NA,NA,NA,NA,NA,NA,NA,NA,NA,NA,NA,NA,NA,NA,NA,NA,NA,NA,NA,NA
B_2022_64,Outpost,Pafuri,-22.39239,31.1586683,405,Granite,2022,22-Jul-22,18-Jul-22,Fighting,female,adult,26-Aug-25,1135,carcass,partial,W,24.3,7.28,Outpost_24.3_W,NA,NA,NA,NA,NA,NA,NA,NA,NA,NA,NA,NA,FALSE,NA,B_2022_64_2025,NA,NA,NA,NA,NA,NA,NA,NA,NA,NA,NA,NA,NA,NA,NA,NA,NA,NA,NA,NA,NA,NA,NA,NA,NA,NA,NA,NA
